name,email,password123,phone,address,dob,answer
user1,user1@email.com,password123,81234567,123 Kent Ridge,01-01-2000,football
user2,user2@email.com,password123,81234567,123 Kent Ridge,01-01-2000,football
user3,user3@email.com,password123,81234567,123 Kent Ridge,01-01-2000,football
user4,user4@email.com,password123,81234567,123 Kent Ridge,01-01-2000,football
user5,user5@email.com,password123,81234567,123 Kent Ridge,01-01-2000,football
user6,user6@email.com,password123,81234567,123 Kent Ridge,01-01-2000,football
user7,user7@email.com,password123,81234567,123 Kent Ridge,01-01-2000,football
user8,user8@email.com,password123,81234567,123 Kent Ridge,01-01-2000,football
user9,user9@email.com,password123,81234567,123 Kent Ridge,01-01-2000,football
user10,user10@email.com,password123,81234567,123 Kent Ridge,01-01-2000,football
user11,user11@email.com,password123,81234567,123 Kent Ridge,01-01-2000,football
user12,user12@email.com,password123,81234567,123 Kent Ridge,01-01-2000,football
user13,user13@email.com,password123,81234567,123 Kent Ridge,01-01-2000,football
user14,user14@email.com,password123,81234567,123 Kent Ridge,01-01-2000,football
user15,user15@email.com,password123,81234567,123 Kent Ridge,01-01-2000,football
user16,user16@email.com,password123,81234567,123 Kent Ridge,01-01-2000,football
user17,user17@email.com,password123,81234567,123 Kent Ridge,01-01-2000,football
user18,user18@email.com,password123,81234567,123 Kent Ridge,01-01-2000,football
user19,user19@email.com,password123,81234567,123 Kent Ridge,01-01-2000,football
user20,user20@email.com,password123,81234567,123 Kent Ridge,01-01-2000,football
user21,user21@email.com,password123,81234567,123 Kent Ridge,01-01-2000,football
user22,user22@email.com,password123,81234567,123 Kent Ridge,01-01-2000,football
user23,user23@email.com,password123,81234567,123 Kent Ridge,01-01-2000,football
user24,user24@email.com,password123,81234567,123 Kent Ridge,01-01-2000,football
user25,user25@email.com,password123,81234567,123 Kent Ridge,01-01-2000,football
user26,user26@email.com,password123,81234567,123 Kent Ridge,01-01-2000,football
user27,user27@email.com,password123,81234567,123 Kent Ridge,01-01-2000,football
user28,user28@email.com,password123,81234567,123 Kent Ridge,01-01-2000,football
user29,user29@email.com,password123,81234567,123 Kent Ridge,01-01-2000,football
user30,user30@email.com,password123,81234567,123 Kent Ridge,01-01-2000,football
user31,user31@email.com,password123,81234567,123 Kent Ridge,01-01-2000,football
user32,user32@email.com,password123,81234567,123 Kent Ridge,01-01-2000,football
user33,user33@email.com,password123,81234567,123 Kent Ridge,01-01-2000,football
user34,user34@email.com,password123,81234567,123 Kent Ridge,01-01-2000,football
user35,user35@email.com,password123,81234567,123 Kent Ridge,01-01-2000,football
user36,user36@email.com,password123,81234567,123 Kent Ridge,01-01-2000,football
user37,user37@email.com,password123,81234567,123 Kent Ridge,01-01-2000,football
user38,user38@email.com,password123,81234567,123 Kent Ridge,01-01-2000,football
user39,user39@email.com,password123,81234567,123 Kent Ridge,01-01-2000,football
user40,user40@email.com,password123,81234567,123 Kent Ridge,01-01-2000,football
user41,user41@email.com,password123,81234567,123 Kent Ridge,01-01-2000,football
user42,user42@email.com,password123,81234567,123 Kent Ridge,01-01-2000,football
user43,user43@email.com,password123,81234567,123 Kent Ridge,01-01-2000,football
user44,user44@email.com,password123,81234567,123 Kent Ridge,01-01-2000,football
user45,user45@email.com,password123,81234567,123 Kent Ridge,01-01-2000,football
user46,user46@email.com,password123,81234567,123 Kent Ridge,01-01-2000,football
user47,user47@email.com,password123,81234567,123 Kent Ridge,01-01-2000,football
user48,user48@email.com,password123,81234567,123 Kent Ridge,01-01-2000,football
user49,user49@email.com,password123,81234567,123 Kent Ridge,01-01-2000,football
user50,user50@email.com,password123,81234567,123 Kent Ridge,01-01-2000,football
user51,user51@email.com,password123,81234567,123 Kent Ridge,01-01-2000,football
user52,user52@email.com,password123,81234567,123 Kent Ridge,01-01-2000,football
user53,user53@email.com,password123,81234567,123 Kent Ridge,01-01-2000,football
user54,user54@email.com,password123,81234567,123 Kent Ridge,01-01-2000,football
user55,user55@email.com,password123,81234567,123 Kent Ridge,01-01-2000,football
user56,user56@email.com,password123,81234567,123 Kent Ridge,01-01-2000,football
user57,user57@email.com,password123,81234567,123 Kent Ridge,01-01-2000,football
user58,user58@email.com,password123,81234567,123 Kent Ridge,01-01-2000,football
user59,user59@email.com,password123,81234567,123 Kent Ridge,01-01-2000,football
user60,user60@email.com,password123,81234567,123 Kent Ridge,01-01-2000,football
user61,user61@email.com,password123,81234567,123 Kent Ridge,01-01-2000,football
user62,user62@email.com,password123,81234567,123 Kent Ridge,01-01-2000,football
user63,user63@email.com,password123,81234567,123 Kent Ridge,01-01-2000,football
user64,user64@email.com,password123,81234567,123 Kent Ridge,01-01-2000,football
user65,user65@email.com,password123,81234567,123 Kent Ridge,01-01-2000,football
user66,user66@email.com,password123,81234567,123 Kent Ridge,01-01-2000,football
user67,user67@email.com,password123,81234567,123 Kent Ridge,01-01-2000,football
user68,user68@email.com,password123,81234567,123 Kent Ridge,01-01-2000,football
user69,user69@email.com,password123,81234567,123 Kent Ridge,01-01-2000,football
user70,user70@email.com,password123,81234567,123 Kent Ridge,01-01-2000,football
user71,user71@email.com,password123,81234567,123 Kent Ridge,01-01-2000,football
user72,user72@email.com,password123,81234567,123 Kent Ridge,01-01-2000,football
user73,user73@email.com,password123,81234567,123 Kent Ridge,01-01-2000,football
user74,user74@email.com,password123,81234567,123 Kent Ridge,01-01-2000,football
user75,user75@email.com,password123,81234567,123 Kent Ridge,01-01-2000,football
user76,user76@email.com,password123,81234567,123 Kent Ridge,01-01-2000,football
user77,user77@email.com,password123,81234567,123 Kent Ridge,01-01-2000,football
user78,user78@email.com,password123,81234567,123 Kent Ridge,01-01-2000,football
user79,user79@email.com,password123,81234567,123 Kent Ridge,01-01-2000,football
user80,user80@email.com,password123,81234567,123 Kent Ridge,01-01-2000,football
user81,user81@email.com,password123,81234567,123 Kent Ridge,01-01-2000,football
user82,user82@email.com,password123,81234567,123 Kent Ridge,01-01-2000,football
user83,user83@email.com,password123,81234567,123 Kent Ridge,01-01-2000,football
user84,user84@email.com,password123,81234567,123 Kent Ridge,01-01-2000,football
user85,user85@email.com,password123,81234567,123 Kent Ridge,01-01-2000,football
user86,user86@email.com,password123,81234567,123 Kent Ridge,01-01-2000,football
user87,user87@email.com,password123,81234567,123 Kent Ridge,01-01-2000,football
user88,user88@email.com,password123,81234567,123 Kent Ridge,01-01-2000,football
user89,user89@email.com,password123,81234567,123 Kent Ridge,01-01-2000,football
user90,user90@email.com,password123,81234567,123 Kent Ridge,01-01-2000,football
user91,user91@email.com,password123,81234567,123 Kent Ridge,01-01-2000,football
user92,user92@email.com,password123,81234567,123 Kent Ridge,01-01-2000,football
user93,user93@email.com,password123,81234567,123 Kent Ridge,01-01-2000,football
user94,user94@email.com,password123,81234567,123 Kent Ridge,01-01-2000,football
user95,user95@email.com,password123,81234567,123 Kent Ridge,01-01-2000,football
user96,user96@email.com,password123,81234567,123 Kent Ridge,01-01-2000,football
user97,user97@email.com,password123,81234567,123 Kent Ridge,01-01-2000,football
user98,user98@email.com,password123,81234567,123 Kent Ridge,01-01-2000,football
user99,user99@email.com,password123,81234567,123 Kent Ridge,01-01-2000,football
user100,user100@email.com,password123,81234567,123 Kent Ridge,01-01-2000,football
user101,user101@email.com,password123,91234568,123 Kent Ridge,01-01-2000,football
user102,user102@email.com,password123,91234569,123 Kent Ridge,01-01-2000,football
user103,user103@email.com,password123,91234570,123 Kent Ridge,01-01-2000,football
user104,user104@email.com,password123,91234571,123 Kent Ridge,01-01-2000,football
user105,user105@email.com,password123,91234572,123 Kent Ridge,01-01-2000,football
user106,user106@email.com,password123,91234573,123 Kent Ridge,01-01-2000,football
user107,user107@email.com,password123,91234574,123 Kent Ridge,01-01-2000,football
user108,user108@email.com,password123,91234575,123 Kent Ridge,01-01-2000,football
user109,user109@email.com,password123,91234576,123 Kent Ridge,01-01-2000,football
user110,user110@email.com,password123,91234577,123 Kent Ridge,01-01-2000,football
user111,user111@email.com,password123,91234578,123 Kent Ridge,01-01-2000,football
user112,user112@email.com,password123,91234579,123 Kent Ridge,01-01-2000,football
user113,user113@email.com,password123,91234580,123 Kent Ridge,01-01-2000,football
user114,user114@email.com,password123,91234581,123 Kent Ridge,01-01-2000,football
user115,user115@email.com,password123,91234582,123 Kent Ridge,01-01-2000,football
user116,user116@email.com,password123,91234583,123 Kent Ridge,01-01-2000,football
user117,user117@email.com,password123,91234584,123 Kent Ridge,01-01-2000,football
user118,user118@email.com,password123,91234585,123 Kent Ridge,01-01-2000,football
user119,user119@email.com,password123,91234586,123 Kent Ridge,01-01-2000,football
user120,user120@email.com,password123,91234587,123 Kent Ridge,01-01-2000,football
user121,user121@email.com,password123,91234588,123 Kent Ridge,01-01-2000,football
user122,user122@email.com,password123,91234589,123 Kent Ridge,01-01-2000,football
user123,user123@email.com,password123,91234590,123 Kent Ridge,01-01-2000,football
user124,user124@email.com,password123,91234591,123 Kent Ridge,01-01-2000,football
user125,user125@email.com,password123,91234592,123 Kent Ridge,01-01-2000,football
user126,user126@email.com,password123,91234593,123 Kent Ridge,01-01-2000,football
user127,user127@email.com,password123,91234594,123 Kent Ridge,01-01-2000,football
user128,user128@email.com,password123,91234595,123 Kent Ridge,01-01-2000,football
user129,user129@email.com,password123,91234596,123 Kent Ridge,01-01-2000,football
user130,user130@email.com,password123,91234597,123 Kent Ridge,01-01-2000,football
user131,user131@email.com,password123,91234598,123 Kent Ridge,01-01-2000,football
user132,user132@email.com,password123,91234599,123 Kent Ridge,01-01-2000,football
user133,user133@email.com,password123,91234600,123 Kent Ridge,01-01-2000,football
user134,user134@email.com,password123,91234601,123 Kent Ridge,01-01-2000,football
user135,user135@email.com,password123,91234602,123 Kent Ridge,01-01-2000,football
user136,user136@email.com,password123,91234603,123 Kent Ridge,01-01-2000,football
user137,user137@email.com,password123,91234604,123 Kent Ridge,01-01-2000,football
user138,user138@email.com,password123,91234605,123 Kent Ridge,01-01-2000,football
user139,user139@email.com,password123,91234606,123 Kent Ridge,01-01-2000,football
user140,user140@email.com,password123,91234607,123 Kent Ridge,01-01-2000,football
user141,user141@email.com,password123,91234608,123 Kent Ridge,01-01-2000,football
user142,user142@email.com,password123,91234609,123 Kent Ridge,01-01-2000,football
user143,user143@email.com,password123,91234610,123 Kent Ridge,01-01-2000,football
user144,user144@email.com,password123,91234611,123 Kent Ridge,01-01-2000,football
user145,user145@email.com,password123,91234612,123 Kent Ridge,01-01-2000,football
user146,user146@email.com,password123,91234613,123 Kent Ridge,01-01-2000,football
user147,user147@email.com,password123,91234614,123 Kent Ridge,01-01-2000,football
user148,user148@email.com,password123,91234615,123 Kent Ridge,01-01-2000,football
user149,user149@email.com,password123,91234616,123 Kent Ridge,01-01-2000,football
user150,user150@email.com,password123,91234617,123 Kent Ridge,01-01-2000,football
user151,user151@email.com,password123,91234618,123 Kent Ridge,01-01-2000,football
user152,user152@email.com,password123,91234619,123 Kent Ridge,01-01-2000,football
user153,user153@email.com,password123,91234620,123 Kent Ridge,01-01-2000,football
user154,user154@email.com,password123,91234621,123 Kent Ridge,01-01-2000,football
user155,user155@email.com,password123,91234622,123 Kent Ridge,01-01-2000,football
user156,user156@email.com,password123,91234623,123 Kent Ridge,01-01-2000,football
user157,user157@email.com,password123,91234624,123 Kent Ridge,01-01-2000,football
user158,user158@email.com,password123,91234625,123 Kent Ridge,01-01-2000,football
user159,user159@email.com,password123,91234626,123 Kent Ridge,01-01-2000,football
user160,user160@email.com,password123,91234627,123 Kent Ridge,01-01-2000,football
user161,user161@email.com,password123,91234628,123 Kent Ridge,01-01-2000,football
user162,user162@email.com,password123,91234629,123 Kent Ridge,01-01-2000,football
user163,user163@email.com,password123,91234630,123 Kent Ridge,01-01-2000,football
user164,user164@email.com,password123,91234631,123 Kent Ridge,01-01-2000,football
user165,user165@email.com,password123,91234632,123 Kent Ridge,01-01-2000,football
user166,user166@email.com,password123,91234633,123 Kent Ridge,01-01-2000,football
user167,user167@email.com,password123,91234634,123 Kent Ridge,01-01-2000,football
user168,user168@email.com,password123,91234635,123 Kent Ridge,01-01-2000,football
user169,user169@email.com,password123,91234636,123 Kent Ridge,01-01-2000,football
user170,user170@email.com,password123,91234637,123 Kent Ridge,01-01-2000,football
user171,user171@email.com,password123,91234638,123 Kent Ridge,01-01-2000,football
user172,user172@email.com,password123,91234639,123 Kent Ridge,01-01-2000,football
user173,user173@email.com,password123,91234640,123 Kent Ridge,01-01-2000,football
user174,user174@email.com,password123,91234641,123 Kent Ridge,01-01-2000,football
user175,user175@email.com,password123,91234642,123 Kent Ridge,01-01-2000,football
user176,user176@email.com,password123,91234643,123 Kent Ridge,01-01-2000,football
user177,user177@email.com,password123,91234644,123 Kent Ridge,01-01-2000,football
user178,user178@email.com,password123,91234645,123 Kent Ridge,01-01-2000,football
user179,user179@email.com,password123,91234646,123 Kent Ridge,01-01-2000,football
user180,user180@email.com,password123,91234647,123 Kent Ridge,01-01-2000,football
user181,user181@email.com,password123,91234648,123 Kent Ridge,01-01-2000,football
user182,user182@email.com,password123,91234649,123 Kent Ridge,01-01-2000,football
user183,user183@email.com,password123,91234650,123 Kent Ridge,01-01-2000,football
user184,user184@email.com,password123,91234651,123 Kent Ridge,01-01-2000,football
user185,user185@email.com,password123,91234652,123 Kent Ridge,01-01-2000,football
user186,user186@email.com,password123,91234653,123 Kent Ridge,01-01-2000,football
user187,user187@email.com,password123,91234654,123 Kent Ridge,01-01-2000,football
user188,user188@email.com,password123,91234655,123 Kent Ridge,01-01-2000,football
user189,user189@email.com,password123,91234656,123 Kent Ridge,01-01-2000,football
user190,user190@email.com,password123,91234657,123 Kent Ridge,01-01-2000,football
user191,user191@email.com,password123,91234658,123 Kent Ridge,01-01-2000,football
user192,user192@email.com,password123,91234659,123 Kent Ridge,01-01-2000,football
user193,user193@email.com,password123,91234660,123 Kent Ridge,01-01-2000,football
user194,user194@email.com,password123,91234661,123 Kent Ridge,01-01-2000,football
user195,user195@email.com,password123,91234662,123 Kent Ridge,01-01-2000,football
user196,user196@email.com,password123,91234663,123 Kent Ridge,01-01-2000,football
user197,user197@email.com,password123,91234664,123 Kent Ridge,01-01-2000,football
user198,user198@email.com,password123,91234665,123 Kent Ridge,01-01-2000,football
user199,user199@email.com,password123,91234666,123 Kent Ridge,01-01-2000,football
user200,user200@email.com,password123,91234667,123 Kent Ridge,01-01-2000,football
user201,user201@email.com,password123,91234668,123 Kent Ridge,01-01-2000,football
user202,user202@email.com,password123,91234669,123 Kent Ridge,01-01-2000,football
user203,user203@email.com,password123,91234670,123 Kent Ridge,01-01-2000,football
user204,user204@email.com,password123,91234671,123 Kent Ridge,01-01-2000,football
user205,user205@email.com,password123,91234672,123 Kent Ridge,01-01-2000,football
user206,user206@email.com,password123,91234673,123 Kent Ridge,01-01-2000,football
user207,user207@email.com,password123,91234674,123 Kent Ridge,01-01-2000,football
user208,user208@email.com,password123,91234675,123 Kent Ridge,01-01-2000,football
user209,user209@email.com,password123,91234676,123 Kent Ridge,01-01-2000,football
user210,user210@email.com,password123,91234677,123 Kent Ridge,01-01-2000,football
user211,user211@email.com,password123,91234678,123 Kent Ridge,01-01-2000,football
user212,user212@email.com,password123,91234679,123 Kent Ridge,01-01-2000,football
user213,user213@email.com,password123,91234680,123 Kent Ridge,01-01-2000,football
user214,user214@email.com,password123,91234681,123 Kent Ridge,01-01-2000,football
user215,user215@email.com,password123,91234682,123 Kent Ridge,01-01-2000,football
user216,user216@email.com,password123,91234683,123 Kent Ridge,01-01-2000,football
user217,user217@email.com,password123,91234684,123 Kent Ridge,01-01-2000,football
user218,user218@email.com,password123,91234685,123 Kent Ridge,01-01-2000,football
user219,user219@email.com,password123,91234686,123 Kent Ridge,01-01-2000,football
user220,user220@email.com,password123,91234687,123 Kent Ridge,01-01-2000,football
user221,user221@email.com,password123,91234688,123 Kent Ridge,01-01-2000,football
user222,user222@email.com,password123,91234689,123 Kent Ridge,01-01-2000,football
user223,user223@email.com,password123,91234690,123 Kent Ridge,01-01-2000,football
user224,user224@email.com,password123,91234691,123 Kent Ridge,01-01-2000,football
user225,user225@email.com,password123,91234692,123 Kent Ridge,01-01-2000,football
user226,user226@email.com,password123,91234693,123 Kent Ridge,01-01-2000,football
user227,user227@email.com,password123,91234694,123 Kent Ridge,01-01-2000,football
user228,user228@email.com,password123,91234695,123 Kent Ridge,01-01-2000,football
user229,user229@email.com,password123,91234696,123 Kent Ridge,01-01-2000,football
user230,user230@email.com,password123,91234697,123 Kent Ridge,01-01-2000,football
user231,user231@email.com,password123,91234698,123 Kent Ridge,01-01-2000,football
user232,user232@email.com,password123,91234699,123 Kent Ridge,01-01-2000,football
user233,user233@email.com,password123,91234700,123 Kent Ridge,01-01-2000,football
user234,user234@email.com,password123,91234701,123 Kent Ridge,01-01-2000,football
user235,user235@email.com,password123,91234702,123 Kent Ridge,01-01-2000,football
user236,user236@email.com,password123,91234703,123 Kent Ridge,01-01-2000,football
user237,user237@email.com,password123,91234704,123 Kent Ridge,01-01-2000,football
user238,user238@email.com,password123,91234705,123 Kent Ridge,01-01-2000,football
user239,user239@email.com,password123,91234706,123 Kent Ridge,01-01-2000,football
user240,user240@email.com,password123,91234707,123 Kent Ridge,01-01-2000,football
user241,user241@email.com,password123,91234708,123 Kent Ridge,01-01-2000,football
user242,user242@email.com,password123,91234709,123 Kent Ridge,01-01-2000,football
user243,user243@email.com,password123,91234710,123 Kent Ridge,01-01-2000,football
user244,user244@email.com,password123,91234711,123 Kent Ridge,01-01-2000,football
user245,user245@email.com,password123,91234712,123 Kent Ridge,01-01-2000,football
user246,user246@email.com,password123,91234713,123 Kent Ridge,01-01-2000,football
user247,user247@email.com,password123,91234714,123 Kent Ridge,01-01-2000,football
user248,user248@email.com,password123,91234715,123 Kent Ridge,01-01-2000,football
user249,user249@email.com,password123,91234716,123 Kent Ridge,01-01-2000,football
user250,user250@email.com,password123,91234717,123 Kent Ridge,01-01-2000,football
user251,user251@email.com,password123,91234718,123 Kent Ridge,01-01-2000,football
user252,user252@email.com,password123,91234719,123 Kent Ridge,01-01-2000,football
user253,user253@email.com,password123,91234720,123 Kent Ridge,01-01-2000,football
user254,user254@email.com,password123,91234721,123 Kent Ridge,01-01-2000,football
user255,user255@email.com,password123,91234722,123 Kent Ridge,01-01-2000,football
user256,user256@email.com,password123,91234723,123 Kent Ridge,01-01-2000,football
user257,user257@email.com,password123,91234724,123 Kent Ridge,01-01-2000,football
user258,user258@email.com,password123,91234725,123 Kent Ridge,01-01-2000,football
user259,user259@email.com,password123,91234726,123 Kent Ridge,01-01-2000,football
user260,user260@email.com,password123,91234727,123 Kent Ridge,01-01-2000,football
user261,user261@email.com,password123,91234728,123 Kent Ridge,01-01-2000,football
user262,user262@email.com,password123,91234729,123 Kent Ridge,01-01-2000,football
user263,user263@email.com,password123,91234730,123 Kent Ridge,01-01-2000,football
user264,user264@email.com,password123,91234731,123 Kent Ridge,01-01-2000,football
user265,user265@email.com,password123,91234732,123 Kent Ridge,01-01-2000,football
user266,user266@email.com,password123,91234733,123 Kent Ridge,01-01-2000,football
user267,user267@email.com,password123,91234734,123 Kent Ridge,01-01-2000,football
user268,user268@email.com,password123,91234735,123 Kent Ridge,01-01-2000,football
user269,user269@email.com,password123,91234736,123 Kent Ridge,01-01-2000,football
user270,user270@email.com,password123,91234737,123 Kent Ridge,01-01-2000,football
user271,user271@email.com,password123,91234738,123 Kent Ridge,01-01-2000,football
user272,user272@email.com,password123,91234739,123 Kent Ridge,01-01-2000,football
user273,user273@email.com,password123,91234740,123 Kent Ridge,01-01-2000,football
user274,user274@email.com,password123,91234741,123 Kent Ridge,01-01-2000,football
user275,user275@email.com,password123,91234742,123 Kent Ridge,01-01-2000,football
user276,user276@email.com,password123,91234743,123 Kent Ridge,01-01-2000,football
user277,user277@email.com,password123,91234744,123 Kent Ridge,01-01-2000,football
user278,user278@email.com,password123,91234745,123 Kent Ridge,01-01-2000,football
user279,user279@email.com,password123,91234746,123 Kent Ridge,01-01-2000,football
user280,user280@email.com,password123,91234747,123 Kent Ridge,01-01-2000,football
user281,user281@email.com,password123,91234748,123 Kent Ridge,01-01-2000,football
user282,user282@email.com,password123,91234749,123 Kent Ridge,01-01-2000,football
user283,user283@email.com,password123,91234750,123 Kent Ridge,01-01-2000,football
user284,user284@email.com,password123,91234751,123 Kent Ridge,01-01-2000,football
user285,user285@email.com,password123,91234752,123 Kent Ridge,01-01-2000,football
user286,user286@email.com,password123,91234753,123 Kent Ridge,01-01-2000,football
user287,user287@email.com,password123,91234754,123 Kent Ridge,01-01-2000,football
user288,user288@email.com,password123,91234755,123 Kent Ridge,01-01-2000,football
user289,user289@email.com,password123,91234756,123 Kent Ridge,01-01-2000,football
user290,user290@email.com,password123,91234757,123 Kent Ridge,01-01-2000,football
user291,user291@email.com,password123,91234758,123 Kent Ridge,01-01-2000,football
user292,user292@email.com,password123,91234759,123 Kent Ridge,01-01-2000,football
user293,user293@email.com,password123,91234760,123 Kent Ridge,01-01-2000,football
user294,user294@email.com,password123,91234761,123 Kent Ridge,01-01-2000,football
user295,user295@email.com,password123,91234762,123 Kent Ridge,01-01-2000,football
user296,user296@email.com,password123,91234763,123 Kent Ridge,01-01-2000,football
user297,user297@email.com,password123,91234764,123 Kent Ridge,01-01-2000,football
user298,user298@email.com,password123,91234765,123 Kent Ridge,01-01-2000,football
user299,user299@email.com,password123,91234766,123 Kent Ridge,01-01-2000,football
user300,user300@email.com,password123,91234767,123 Kent Ridge,01-01-2000,football
user301,user301@email.com,password123,91234768,123 Kent Ridge,01-01-2000,football
user302,user302@email.com,password123,91234769,123 Kent Ridge,01-01-2000,football
user303,user303@email.com,password123,91234770,123 Kent Ridge,01-01-2000,football
user304,user304@email.com,password123,91234771,123 Kent Ridge,01-01-2000,football
user305,user305@email.com,password123,91234772,123 Kent Ridge,01-01-2000,football
user306,user306@email.com,password123,91234773,123 Kent Ridge,01-01-2000,football
user307,user307@email.com,password123,91234774,123 Kent Ridge,01-01-2000,football
user308,user308@email.com,password123,91234775,123 Kent Ridge,01-01-2000,football
user309,user309@email.com,password123,91234776,123 Kent Ridge,01-01-2000,football
user310,user310@email.com,password123,91234777,123 Kent Ridge,01-01-2000,football
user311,user311@email.com,password123,91234778,123 Kent Ridge,01-01-2000,football
user312,user312@email.com,password123,91234779,123 Kent Ridge,01-01-2000,football
user313,user313@email.com,password123,91234780,123 Kent Ridge,01-01-2000,football
user314,user314@email.com,password123,91234781,123 Kent Ridge,01-01-2000,football
user315,user315@email.com,password123,91234782,123 Kent Ridge,01-01-2000,football
user316,user316@email.com,password123,91234783,123 Kent Ridge,01-01-2000,football
user317,user317@email.com,password123,91234784,123 Kent Ridge,01-01-2000,football
user318,user318@email.com,password123,91234785,123 Kent Ridge,01-01-2000,football
user319,user319@email.com,password123,91234786,123 Kent Ridge,01-01-2000,football
user320,user320@email.com,password123,91234787,123 Kent Ridge,01-01-2000,football
user321,user321@email.com,password123,91234788,123 Kent Ridge,01-01-2000,football
user322,user322@email.com,password123,91234789,123 Kent Ridge,01-01-2000,football
user323,user323@email.com,password123,91234790,123 Kent Ridge,01-01-2000,football
user324,user324@email.com,password123,91234791,123 Kent Ridge,01-01-2000,football
user325,user325@email.com,password123,91234792,123 Kent Ridge,01-01-2000,football
user326,user326@email.com,password123,91234793,123 Kent Ridge,01-01-2000,football
user327,user327@email.com,password123,91234794,123 Kent Ridge,01-01-2000,football
user328,user328@email.com,password123,91234795,123 Kent Ridge,01-01-2000,football
user329,user329@email.com,password123,91234796,123 Kent Ridge,01-01-2000,football
user330,user330@email.com,password123,91234797,123 Kent Ridge,01-01-2000,football
user331,user331@email.com,password123,91234798,123 Kent Ridge,01-01-2000,football
user332,user332@email.com,password123,91234799,123 Kent Ridge,01-01-2000,football
user333,user333@email.com,password123,91234800,123 Kent Ridge,01-01-2000,football
user334,user334@email.com,password123,91234801,123 Kent Ridge,01-01-2000,football
user335,user335@email.com,password123,91234802,123 Kent Ridge,01-01-2000,football
user336,user336@email.com,password123,91234803,123 Kent Ridge,01-01-2000,football
user337,user337@email.com,password123,91234804,123 Kent Ridge,01-01-2000,football
user338,user338@email.com,password123,91234805,123 Kent Ridge,01-01-2000,football
user339,user339@email.com,password123,91234806,123 Kent Ridge,01-01-2000,football
user340,user340@email.com,password123,91234807,123 Kent Ridge,01-01-2000,football
user341,user341@email.com,password123,91234808,123 Kent Ridge,01-01-2000,football
user342,user342@email.com,password123,91234809,123 Kent Ridge,01-01-2000,football
user343,user343@email.com,password123,91234810,123 Kent Ridge,01-01-2000,football
user344,user344@email.com,password123,91234811,123 Kent Ridge,01-01-2000,football
user345,user345@email.com,password123,91234812,123 Kent Ridge,01-01-2000,football
user346,user346@email.com,password123,91234813,123 Kent Ridge,01-01-2000,football
user347,user347@email.com,password123,91234814,123 Kent Ridge,01-01-2000,football
user348,user348@email.com,password123,91234815,123 Kent Ridge,01-01-2000,football
user349,user349@email.com,password123,91234816,123 Kent Ridge,01-01-2000,football
user350,user350@email.com,password123,91234817,123 Kent Ridge,01-01-2000,football
user351,user351@email.com,password123,91234818,123 Kent Ridge,01-01-2000,football
user352,user352@email.com,password123,91234819,123 Kent Ridge,01-01-2000,football
user353,user353@email.com,password123,91234820,123 Kent Ridge,01-01-2000,football
user354,user354@email.com,password123,91234821,123 Kent Ridge,01-01-2000,football
user355,user355@email.com,password123,91234822,123 Kent Ridge,01-01-2000,football
user356,user356@email.com,password123,91234823,123 Kent Ridge,01-01-2000,football
user357,user357@email.com,password123,91234824,123 Kent Ridge,01-01-2000,football
user358,user358@email.com,password123,91234825,123 Kent Ridge,01-01-2000,football
user359,user359@email.com,password123,91234826,123 Kent Ridge,01-01-2000,football
user360,user360@email.com,password123,91234827,123 Kent Ridge,01-01-2000,football
user361,user361@email.com,password123,91234828,123 Kent Ridge,01-01-2000,football
user362,user362@email.com,password123,91234829,123 Kent Ridge,01-01-2000,football
user363,user363@email.com,password123,91234830,123 Kent Ridge,01-01-2000,football
user364,user364@email.com,password123,91234831,123 Kent Ridge,01-01-2000,football
user365,user365@email.com,password123,91234832,123 Kent Ridge,01-01-2000,football
user366,user366@email.com,password123,91234833,123 Kent Ridge,01-01-2000,football
user367,user367@email.com,password123,91234834,123 Kent Ridge,01-01-2000,football
user368,user368@email.com,password123,91234835,123 Kent Ridge,01-01-2000,football
user369,user369@email.com,password123,91234836,123 Kent Ridge,01-01-2000,football
user370,user370@email.com,password123,91234837,123 Kent Ridge,01-01-2000,football
user371,user371@email.com,password123,91234838,123 Kent Ridge,01-01-2000,football
user372,user372@email.com,password123,91234839,123 Kent Ridge,01-01-2000,football
user373,user373@email.com,password123,91234840,123 Kent Ridge,01-01-2000,football
user374,user374@email.com,password123,91234841,123 Kent Ridge,01-01-2000,football
user375,user375@email.com,password123,91234842,123 Kent Ridge,01-01-2000,football
user376,user376@email.com,password123,91234843,123 Kent Ridge,01-01-2000,football
user377,user377@email.com,password123,91234844,123 Kent Ridge,01-01-2000,football
user378,user378@email.com,password123,91234845,123 Kent Ridge,01-01-2000,football
user379,user379@email.com,password123,91234846,123 Kent Ridge,01-01-2000,football
user380,user380@email.com,password123,91234847,123 Kent Ridge,01-01-2000,football
user381,user381@email.com,password123,91234848,123 Kent Ridge,01-01-2000,football
user382,user382@email.com,password123,91234849,123 Kent Ridge,01-01-2000,football
user383,user383@email.com,password123,91234850,123 Kent Ridge,01-01-2000,football
user384,user384@email.com,password123,91234851,123 Kent Ridge,01-01-2000,football
user385,user385@email.com,password123,91234852,123 Kent Ridge,01-01-2000,football
user386,user386@email.com,password123,91234853,123 Kent Ridge,01-01-2000,football
user387,user387@email.com,password123,91234854,123 Kent Ridge,01-01-2000,football
user388,user388@email.com,password123,91234855,123 Kent Ridge,01-01-2000,football
user389,user389@email.com,password123,91234856,123 Kent Ridge,01-01-2000,football
user390,user390@email.com,password123,91234857,123 Kent Ridge,01-01-2000,football
user391,user391@email.com,password123,91234858,123 Kent Ridge,01-01-2000,football
user392,user392@email.com,password123,91234859,123 Kent Ridge,01-01-2000,football
user393,user393@email.com,password123,91234860,123 Kent Ridge,01-01-2000,football
user394,user394@email.com,password123,91234861,123 Kent Ridge,01-01-2000,football
user395,user395@email.com,password123,91234862,123 Kent Ridge,01-01-2000,football
user396,user396@email.com,password123,91234863,123 Kent Ridge,01-01-2000,football
user397,user397@email.com,password123,91234864,123 Kent Ridge,01-01-2000,football
user398,user398@email.com,password123,91234865,123 Kent Ridge,01-01-2000,football
user399,user399@email.com,password123,91234866,123 Kent Ridge,01-01-2000,football
user400,user400@email.com,password123,91234867,123 Kent Ridge,01-01-2000,football
user401,user401@email.com,password123,91234868,123 Kent Ridge,01-01-2000,football
user402,user402@email.com,password123,91234869,123 Kent Ridge,01-01-2000,football
user403,user403@email.com,password123,91234870,123 Kent Ridge,01-01-2000,football
user404,user404@email.com,password123,91234871,123 Kent Ridge,01-01-2000,football
user405,user405@email.com,password123,91234872,123 Kent Ridge,01-01-2000,football
user406,user406@email.com,password123,91234873,123 Kent Ridge,01-01-2000,football
user407,user407@email.com,password123,91234874,123 Kent Ridge,01-01-2000,football
user408,user408@email.com,password123,91234875,123 Kent Ridge,01-01-2000,football
user409,user409@email.com,password123,91234876,123 Kent Ridge,01-01-2000,football
user410,user410@email.com,password123,91234877,123 Kent Ridge,01-01-2000,football
user411,user411@email.com,password123,91234878,123 Kent Ridge,01-01-2000,football
user412,user412@email.com,password123,91234879,123 Kent Ridge,01-01-2000,football
user413,user413@email.com,password123,91234880,123 Kent Ridge,01-01-2000,football
user414,user414@email.com,password123,91234881,123 Kent Ridge,01-01-2000,football
user415,user415@email.com,password123,91234882,123 Kent Ridge,01-01-2000,football
user416,user416@email.com,password123,91234883,123 Kent Ridge,01-01-2000,football
user417,user417@email.com,password123,91234884,123 Kent Ridge,01-01-2000,football
user418,user418@email.com,password123,91234885,123 Kent Ridge,01-01-2000,football
user419,user419@email.com,password123,91234886,123 Kent Ridge,01-01-2000,football
user420,user420@email.com,password123,91234887,123 Kent Ridge,01-01-2000,football
user421,user421@email.com,password123,91234888,123 Kent Ridge,01-01-2000,football
user422,user422@email.com,password123,91234889,123 Kent Ridge,01-01-2000,football
user423,user423@email.com,password123,91234890,123 Kent Ridge,01-01-2000,football
user424,user424@email.com,password123,91234891,123 Kent Ridge,01-01-2000,football
user425,user425@email.com,password123,91234892,123 Kent Ridge,01-01-2000,football
user426,user426@email.com,password123,91234893,123 Kent Ridge,01-01-2000,football
user427,user427@email.com,password123,91234894,123 Kent Ridge,01-01-2000,football
user428,user428@email.com,password123,91234895,123 Kent Ridge,01-01-2000,football
user429,user429@email.com,password123,91234896,123 Kent Ridge,01-01-2000,football
user430,user430@email.com,password123,91234897,123 Kent Ridge,01-01-2000,football
user431,user431@email.com,password123,91234898,123 Kent Ridge,01-01-2000,football
user432,user432@email.com,password123,91234899,123 Kent Ridge,01-01-2000,football
user433,user433@email.com,password123,91234900,123 Kent Ridge,01-01-2000,football
user434,user434@email.com,password123,91234901,123 Kent Ridge,01-01-2000,football
user435,user435@email.com,password123,91234902,123 Kent Ridge,01-01-2000,football
user436,user436@email.com,password123,91234903,123 Kent Ridge,01-01-2000,football
user437,user437@email.com,password123,91234904,123 Kent Ridge,01-01-2000,football
user438,user438@email.com,password123,91234905,123 Kent Ridge,01-01-2000,football
user439,user439@email.com,password123,91234906,123 Kent Ridge,01-01-2000,football
user440,user440@email.com,password123,91234907,123 Kent Ridge,01-01-2000,football
user441,user441@email.com,password123,91234908,123 Kent Ridge,01-01-2000,football
user442,user442@email.com,password123,91234909,123 Kent Ridge,01-01-2000,football
user443,user443@email.com,password123,91234910,123 Kent Ridge,01-01-2000,football
user444,user444@email.com,password123,91234911,123 Kent Ridge,01-01-2000,football
user445,user445@email.com,password123,91234912,123 Kent Ridge,01-01-2000,football
user446,user446@email.com,password123,91234913,123 Kent Ridge,01-01-2000,football
user447,user447@email.com,password123,91234914,123 Kent Ridge,01-01-2000,football
user448,user448@email.com,password123,91234915,123 Kent Ridge,01-01-2000,football
user449,user449@email.com,password123,91234916,123 Kent Ridge,01-01-2000,football
user450,user450@email.com,password123,91234917,123 Kent Ridge,01-01-2000,football
user451,user451@email.com,password123,91234918,123 Kent Ridge,01-01-2000,football
user452,user452@email.com,password123,91234919,123 Kent Ridge,01-01-2000,football
user453,user453@email.com,password123,91234920,123 Kent Ridge,01-01-2000,football
user454,user454@email.com,password123,91234921,123 Kent Ridge,01-01-2000,football
user455,user455@email.com,password123,91234922,123 Kent Ridge,01-01-2000,football
user456,user456@email.com,password123,91234923,123 Kent Ridge,01-01-2000,football
user457,user457@email.com,password123,91234924,123 Kent Ridge,01-01-2000,football
user458,user458@email.com,password123,91234925,123 Kent Ridge,01-01-2000,football
user459,user459@email.com,password123,91234926,123 Kent Ridge,01-01-2000,football
user460,user460@email.com,password123,91234927,123 Kent Ridge,01-01-2000,football
user461,user461@email.com,password123,91234928,123 Kent Ridge,01-01-2000,football
user462,user462@email.com,password123,91234929,123 Kent Ridge,01-01-2000,football
user463,user463@email.com,password123,91234930,123 Kent Ridge,01-01-2000,football
user464,user464@email.com,password123,91234931,123 Kent Ridge,01-01-2000,football
user465,user465@email.com,password123,91234932,123 Kent Ridge,01-01-2000,football
user466,user466@email.com,password123,91234933,123 Kent Ridge,01-01-2000,football
user467,user467@email.com,password123,91234934,123 Kent Ridge,01-01-2000,football
user468,user468@email.com,password123,91234935,123 Kent Ridge,01-01-2000,football
user469,user469@email.com,password123,91234936,123 Kent Ridge,01-01-2000,football
user470,user470@email.com,password123,91234937,123 Kent Ridge,01-01-2000,football
user471,user471@email.com,password123,91234938,123 Kent Ridge,01-01-2000,football
user472,user472@email.com,password123,91234939,123 Kent Ridge,01-01-2000,football
user473,user473@email.com,password123,91234940,123 Kent Ridge,01-01-2000,football
user474,user474@email.com,password123,91234941,123 Kent Ridge,01-01-2000,football
user475,user475@email.com,password123,91234942,123 Kent Ridge,01-01-2000,football
user476,user476@email.com,password123,91234943,123 Kent Ridge,01-01-2000,football
user477,user477@email.com,password123,91234944,123 Kent Ridge,01-01-2000,football
user478,user478@email.com,password123,91234945,123 Kent Ridge,01-01-2000,football
user479,user479@email.com,password123,91234946,123 Kent Ridge,01-01-2000,football
user480,user480@email.com,password123,91234947,123 Kent Ridge,01-01-2000,football
user481,user481@email.com,password123,91234948,123 Kent Ridge,01-01-2000,football
user482,user482@email.com,password123,91234949,123 Kent Ridge,01-01-2000,football
user483,user483@email.com,password123,91234950,123 Kent Ridge,01-01-2000,football
user484,user484@email.com,password123,91234951,123 Kent Ridge,01-01-2000,football
user485,user485@email.com,password123,91234952,123 Kent Ridge,01-01-2000,football
user486,user486@email.com,password123,91234953,123 Kent Ridge,01-01-2000,football
user487,user487@email.com,password123,91234954,123 Kent Ridge,01-01-2000,football
user488,user488@email.com,password123,91234955,123 Kent Ridge,01-01-2000,football
user489,user489@email.com,password123,91234956,123 Kent Ridge,01-01-2000,football
user490,user490@email.com,password123,91234957,123 Kent Ridge,01-01-2000,football
user491,user491@email.com,password123,91234958,123 Kent Ridge,01-01-2000,football
user492,user492@email.com,password123,91234959,123 Kent Ridge,01-01-2000,football
user493,user493@email.com,password123,91234960,123 Kent Ridge,01-01-2000,football
user494,user494@email.com,password123,91234961,123 Kent Ridge,01-01-2000,football
user495,user495@email.com,password123,91234962,123 Kent Ridge,01-01-2000,football
user496,user496@email.com,password123,91234963,123 Kent Ridge,01-01-2000,football
user497,user497@email.com,password123,91234964,123 Kent Ridge,01-01-2000,football
user498,user498@email.com,password123,91234965,123 Kent Ridge,01-01-2000,football
user499,user499@email.com,password123,91234966,123 Kent Ridge,01-01-2000,football
user500,user500@email.com,password123,91234967,123 Kent Ridge,01-01-2000,football
user501,user501@email.com,password123,91234968,123 Kent Ridge,01-01-2000,football
user502,user502@email.com,password123,91234969,123 Kent Ridge,01-01-2000,football
user503,user503@email.com,password123,91234970,123 Kent Ridge,01-01-2000,football
user504,user504@email.com,password123,91234971,123 Kent Ridge,01-01-2000,football
user505,user505@email.com,password123,91234972,123 Kent Ridge,01-01-2000,football
user506,user506@email.com,password123,91234973,123 Kent Ridge,01-01-2000,football
user507,user507@email.com,password123,91234974,123 Kent Ridge,01-01-2000,football
user508,user508@email.com,password123,91234975,123 Kent Ridge,01-01-2000,football
user509,user509@email.com,password123,91234976,123 Kent Ridge,01-01-2000,football
user510,user510@email.com,password123,91234977,123 Kent Ridge,01-01-2000,football
user511,user511@email.com,password123,91234978,123 Kent Ridge,01-01-2000,football
user512,user512@email.com,password123,91234979,123 Kent Ridge,01-01-2000,football
user513,user513@email.com,password123,91234980,123 Kent Ridge,01-01-2000,football
user514,user514@email.com,password123,91234981,123 Kent Ridge,01-01-2000,football
user515,user515@email.com,password123,91234982,123 Kent Ridge,01-01-2000,football
user516,user516@email.com,password123,91234983,123 Kent Ridge,01-01-2000,football
user517,user517@email.com,password123,91234984,123 Kent Ridge,01-01-2000,football
user518,user518@email.com,password123,91234985,123 Kent Ridge,01-01-2000,football
user519,user519@email.com,password123,91234986,123 Kent Ridge,01-01-2000,football
user520,user520@email.com,password123,91234987,123 Kent Ridge,01-01-2000,football
user521,user521@email.com,password123,91234988,123 Kent Ridge,01-01-2000,football
user522,user522@email.com,password123,91234989,123 Kent Ridge,01-01-2000,football
user523,user523@email.com,password123,91234990,123 Kent Ridge,01-01-2000,football
user524,user524@email.com,password123,91234991,123 Kent Ridge,01-01-2000,football
user525,user525@email.com,password123,91234992,123 Kent Ridge,01-01-2000,football
user526,user526@email.com,password123,91234993,123 Kent Ridge,01-01-2000,football
user527,user527@email.com,password123,91234994,123 Kent Ridge,01-01-2000,football
user528,user528@email.com,password123,91234995,123 Kent Ridge,01-01-2000,football
user529,user529@email.com,password123,91234996,123 Kent Ridge,01-01-2000,football
user530,user530@email.com,password123,91234997,123 Kent Ridge,01-01-2000,football
user531,user531@email.com,password123,91234998,123 Kent Ridge,01-01-2000,football
user532,user532@email.com,password123,91234999,123 Kent Ridge,01-01-2000,football
user533,user533@email.com,password123,91235000,123 Kent Ridge,01-01-2000,football
user534,user534@email.com,password123,91235001,123 Kent Ridge,01-01-2000,football
user535,user535@email.com,password123,91235002,123 Kent Ridge,01-01-2000,football
user536,user536@email.com,password123,91235003,123 Kent Ridge,01-01-2000,football
user537,user537@email.com,password123,91235004,123 Kent Ridge,01-01-2000,football
user538,user538@email.com,password123,91235005,123 Kent Ridge,01-01-2000,football
user539,user539@email.com,password123,91235006,123 Kent Ridge,01-01-2000,football
user540,user540@email.com,password123,91235007,123 Kent Ridge,01-01-2000,football
user541,user541@email.com,password123,91235008,123 Kent Ridge,01-01-2000,football
user542,user542@email.com,password123,91235009,123 Kent Ridge,01-01-2000,football
user543,user543@email.com,password123,91235010,123 Kent Ridge,01-01-2000,football
user544,user544@email.com,password123,91235011,123 Kent Ridge,01-01-2000,football
user545,user545@email.com,password123,91235012,123 Kent Ridge,01-01-2000,football
user546,user546@email.com,password123,91235013,123 Kent Ridge,01-01-2000,football
user547,user547@email.com,password123,91235014,123 Kent Ridge,01-01-2000,football
user548,user548@email.com,password123,91235015,123 Kent Ridge,01-01-2000,football
user549,user549@email.com,password123,91235016,123 Kent Ridge,01-01-2000,football
user550,user550@email.com,password123,91235017,123 Kent Ridge,01-01-2000,football
user551,user551@email.com,password123,91235018,123 Kent Ridge,01-01-2000,football
user552,user552@email.com,password123,91235019,123 Kent Ridge,01-01-2000,football
user553,user553@email.com,password123,91235020,123 Kent Ridge,01-01-2000,football
user554,user554@email.com,password123,91235021,123 Kent Ridge,01-01-2000,football
user555,user555@email.com,password123,91235022,123 Kent Ridge,01-01-2000,football
user556,user556@email.com,password123,91235023,123 Kent Ridge,01-01-2000,football
user557,user557@email.com,password123,91235024,123 Kent Ridge,01-01-2000,football
user558,user558@email.com,password123,91235025,123 Kent Ridge,01-01-2000,football
user559,user559@email.com,password123,91235026,123 Kent Ridge,01-01-2000,football
user560,user560@email.com,password123,91235027,123 Kent Ridge,01-01-2000,football
user561,user561@email.com,password123,91235028,123 Kent Ridge,01-01-2000,football
user562,user562@email.com,password123,91235029,123 Kent Ridge,01-01-2000,football
user563,user563@email.com,password123,91235030,123 Kent Ridge,01-01-2000,football
user564,user564@email.com,password123,91235031,123 Kent Ridge,01-01-2000,football
user565,user565@email.com,password123,91235032,123 Kent Ridge,01-01-2000,football
user566,user566@email.com,password123,91235033,123 Kent Ridge,01-01-2000,football
user567,user567@email.com,password123,91235034,123 Kent Ridge,01-01-2000,football
user568,user568@email.com,password123,91235035,123 Kent Ridge,01-01-2000,football
user569,user569@email.com,password123,91235036,123 Kent Ridge,01-01-2000,football
user570,user570@email.com,password123,91235037,123 Kent Ridge,01-01-2000,football
user571,user571@email.com,password123,91235038,123 Kent Ridge,01-01-2000,football
user572,user572@email.com,password123,91235039,123 Kent Ridge,01-01-2000,football
user573,user573@email.com,password123,91235040,123 Kent Ridge,01-01-2000,football
user574,user574@email.com,password123,91235041,123 Kent Ridge,01-01-2000,football
user575,user575@email.com,password123,91235042,123 Kent Ridge,01-01-2000,football
user576,user576@email.com,password123,91235043,123 Kent Ridge,01-01-2000,football
user577,user577@email.com,password123,91235044,123 Kent Ridge,01-01-2000,football
user578,user578@email.com,password123,91235045,123 Kent Ridge,01-01-2000,football
user579,user579@email.com,password123,91235046,123 Kent Ridge,01-01-2000,football
user580,user580@email.com,password123,91235047,123 Kent Ridge,01-01-2000,football
user581,user581@email.com,password123,91235048,123 Kent Ridge,01-01-2000,football
user582,user582@email.com,password123,91235049,123 Kent Ridge,01-01-2000,football
user583,user583@email.com,password123,91235050,123 Kent Ridge,01-01-2000,football
user584,user584@email.com,password123,91235051,123 Kent Ridge,01-01-2000,football
user585,user585@email.com,password123,91235052,123 Kent Ridge,01-01-2000,football
user586,user586@email.com,password123,91235053,123 Kent Ridge,01-01-2000,football
user587,user587@email.com,password123,91235054,123 Kent Ridge,01-01-2000,football
user588,user588@email.com,password123,91235055,123 Kent Ridge,01-01-2000,football
user589,user589@email.com,password123,91235056,123 Kent Ridge,01-01-2000,football
user590,user590@email.com,password123,91235057,123 Kent Ridge,01-01-2000,football
user591,user591@email.com,password123,91235058,123 Kent Ridge,01-01-2000,football
user592,user592@email.com,password123,91235059,123 Kent Ridge,01-01-2000,football
user593,user593@email.com,password123,91235060,123 Kent Ridge,01-01-2000,football
user594,user594@email.com,password123,91235061,123 Kent Ridge,01-01-2000,football
user595,user595@email.com,password123,91235062,123 Kent Ridge,01-01-2000,football
user596,user596@email.com,password123,91235063,123 Kent Ridge,01-01-2000,football
user597,user597@email.com,password123,91235064,123 Kent Ridge,01-01-2000,football
user598,user598@email.com,password123,91235065,123 Kent Ridge,01-01-2000,football
user599,user599@email.com,password123,91235066,123 Kent Ridge,01-01-2000,football
user600,user600@email.com,password123,91235067,123 Kent Ridge,01-01-2000,football
user601,user601@email.com,password123,91235068,123 Kent Ridge,01-01-2000,football
user602,user602@email.com,password123,91235069,123 Kent Ridge,01-01-2000,football
user603,user603@email.com,password123,91235070,123 Kent Ridge,01-01-2000,football
user604,user604@email.com,password123,91235071,123 Kent Ridge,01-01-2000,football
user605,user605@email.com,password123,91235072,123 Kent Ridge,01-01-2000,football
user606,user606@email.com,password123,91235073,123 Kent Ridge,01-01-2000,football
user607,user607@email.com,password123,91235074,123 Kent Ridge,01-01-2000,football
user608,user608@email.com,password123,91235075,123 Kent Ridge,01-01-2000,football
user609,user609@email.com,password123,91235076,123 Kent Ridge,01-01-2000,football
user610,user610@email.com,password123,91235077,123 Kent Ridge,01-01-2000,football
user611,user611@email.com,password123,91235078,123 Kent Ridge,01-01-2000,football
user612,user612@email.com,password123,91235079,123 Kent Ridge,01-01-2000,football
user613,user613@email.com,password123,91235080,123 Kent Ridge,01-01-2000,football
user614,user614@email.com,password123,91235081,123 Kent Ridge,01-01-2000,football
user615,user615@email.com,password123,91235082,123 Kent Ridge,01-01-2000,football
user616,user616@email.com,password123,91235083,123 Kent Ridge,01-01-2000,football
user617,user617@email.com,password123,91235084,123 Kent Ridge,01-01-2000,football
user618,user618@email.com,password123,91235085,123 Kent Ridge,01-01-2000,football
user619,user619@email.com,password123,91235086,123 Kent Ridge,01-01-2000,football
user620,user620@email.com,password123,91235087,123 Kent Ridge,01-01-2000,football
user621,user621@email.com,password123,91235088,123 Kent Ridge,01-01-2000,football
user622,user622@email.com,password123,91235089,123 Kent Ridge,01-01-2000,football
user623,user623@email.com,password123,91235090,123 Kent Ridge,01-01-2000,football
user624,user624@email.com,password123,91235091,123 Kent Ridge,01-01-2000,football
user625,user625@email.com,password123,91235092,123 Kent Ridge,01-01-2000,football
user626,user626@email.com,password123,91235093,123 Kent Ridge,01-01-2000,football
user627,user627@email.com,password123,91235094,123 Kent Ridge,01-01-2000,football
user628,user628@email.com,password123,91235095,123 Kent Ridge,01-01-2000,football
user629,user629@email.com,password123,91235096,123 Kent Ridge,01-01-2000,football
user630,user630@email.com,password123,91235097,123 Kent Ridge,01-01-2000,football
user631,user631@email.com,password123,91235098,123 Kent Ridge,01-01-2000,football
user632,user632@email.com,password123,91235099,123 Kent Ridge,01-01-2000,football
user633,user633@email.com,password123,91235100,123 Kent Ridge,01-01-2000,football
user634,user634@email.com,password123,91235101,123 Kent Ridge,01-01-2000,football
user635,user635@email.com,password123,91235102,123 Kent Ridge,01-01-2000,football
user636,user636@email.com,password123,91235103,123 Kent Ridge,01-01-2000,football
user637,user637@email.com,password123,91235104,123 Kent Ridge,01-01-2000,football
user638,user638@email.com,password123,91235105,123 Kent Ridge,01-01-2000,football
user639,user639@email.com,password123,91235106,123 Kent Ridge,01-01-2000,football
user640,user640@email.com,password123,91235107,123 Kent Ridge,01-01-2000,football
user641,user641@email.com,password123,91235108,123 Kent Ridge,01-01-2000,football
user642,user642@email.com,password123,91235109,123 Kent Ridge,01-01-2000,football
user643,user643@email.com,password123,91235110,123 Kent Ridge,01-01-2000,football
user644,user644@email.com,password123,91235111,123 Kent Ridge,01-01-2000,football
user645,user645@email.com,password123,91235112,123 Kent Ridge,01-01-2000,football
user646,user646@email.com,password123,91235113,123 Kent Ridge,01-01-2000,football
user647,user647@email.com,password123,91235114,123 Kent Ridge,01-01-2000,football
user648,user648@email.com,password123,91235115,123 Kent Ridge,01-01-2000,football
user649,user649@email.com,password123,91235116,123 Kent Ridge,01-01-2000,football
user650,user650@email.com,password123,91235117,123 Kent Ridge,01-01-2000,football
user651,user651@email.com,password123,91235118,123 Kent Ridge,01-01-2000,football
user652,user652@email.com,password123,91235119,123 Kent Ridge,01-01-2000,football
user653,user653@email.com,password123,91235120,123 Kent Ridge,01-01-2000,football
user654,user654@email.com,password123,91235121,123 Kent Ridge,01-01-2000,football
user655,user655@email.com,password123,91235122,123 Kent Ridge,01-01-2000,football
user656,user656@email.com,password123,91235123,123 Kent Ridge,01-01-2000,football
user657,user657@email.com,password123,91235124,123 Kent Ridge,01-01-2000,football
user658,user658@email.com,password123,91235125,123 Kent Ridge,01-01-2000,football
user659,user659@email.com,password123,91235126,123 Kent Ridge,01-01-2000,football
user660,user660@email.com,password123,91235127,123 Kent Ridge,01-01-2000,football
user661,user661@email.com,password123,91235128,123 Kent Ridge,01-01-2000,football
user662,user662@email.com,password123,91235129,123 Kent Ridge,01-01-2000,football
user663,user663@email.com,password123,91235130,123 Kent Ridge,01-01-2000,football
user664,user664@email.com,password123,91235131,123 Kent Ridge,01-01-2000,football
user665,user665@email.com,password123,91235132,123 Kent Ridge,01-01-2000,football
user666,user666@email.com,password123,91235133,123 Kent Ridge,01-01-2000,football
user667,user667@email.com,password123,91235134,123 Kent Ridge,01-01-2000,football
user668,user668@email.com,password123,91235135,123 Kent Ridge,01-01-2000,football
user669,user669@email.com,password123,91235136,123 Kent Ridge,01-01-2000,football
user670,user670@email.com,password123,91235137,123 Kent Ridge,01-01-2000,football
user671,user671@email.com,password123,91235138,123 Kent Ridge,01-01-2000,football
user672,user672@email.com,password123,91235139,123 Kent Ridge,01-01-2000,football
user673,user673@email.com,password123,91235140,123 Kent Ridge,01-01-2000,football
user674,user674@email.com,password123,91235141,123 Kent Ridge,01-01-2000,football
user675,user675@email.com,password123,91235142,123 Kent Ridge,01-01-2000,football
user676,user676@email.com,password123,91235143,123 Kent Ridge,01-01-2000,football
user677,user677@email.com,password123,91235144,123 Kent Ridge,01-01-2000,football
user678,user678@email.com,password123,91235145,123 Kent Ridge,01-01-2000,football
user679,user679@email.com,password123,91235146,123 Kent Ridge,01-01-2000,football
user680,user680@email.com,password123,91235147,123 Kent Ridge,01-01-2000,football
user681,user681@email.com,password123,91235148,123 Kent Ridge,01-01-2000,football
user682,user682@email.com,password123,91235149,123 Kent Ridge,01-01-2000,football
user683,user683@email.com,password123,91235150,123 Kent Ridge,01-01-2000,football
user684,user684@email.com,password123,91235151,123 Kent Ridge,01-01-2000,football
user685,user685@email.com,password123,91235152,123 Kent Ridge,01-01-2000,football
user686,user686@email.com,password123,91235153,123 Kent Ridge,01-01-2000,football
user687,user687@email.com,password123,91235154,123 Kent Ridge,01-01-2000,football
user688,user688@email.com,password123,91235155,123 Kent Ridge,01-01-2000,football
user689,user689@email.com,password123,91235156,123 Kent Ridge,01-01-2000,football
user690,user690@email.com,password123,91235157,123 Kent Ridge,01-01-2000,football
user691,user691@email.com,password123,91235158,123 Kent Ridge,01-01-2000,football
user692,user692@email.com,password123,91235159,123 Kent Ridge,01-01-2000,football
user693,user693@email.com,password123,91235160,123 Kent Ridge,01-01-2000,football
user694,user694@email.com,password123,91235161,123 Kent Ridge,01-01-2000,football
user695,user695@email.com,password123,91235162,123 Kent Ridge,01-01-2000,football
user696,user696@email.com,password123,91235163,123 Kent Ridge,01-01-2000,football
user697,user697@email.com,password123,91235164,123 Kent Ridge,01-01-2000,football
user698,user698@email.com,password123,91235165,123 Kent Ridge,01-01-2000,football
user699,user699@email.com,password123,91235166,123 Kent Ridge,01-01-2000,football
user700,user700@email.com,password123,91235167,123 Kent Ridge,01-01-2000,football
user701,user701@email.com,password123,91235168,123 Kent Ridge,01-01-2000,football
user702,user702@email.com,password123,91235169,123 Kent Ridge,01-01-2000,football
user703,user703@email.com,password123,91235170,123 Kent Ridge,01-01-2000,football
user704,user704@email.com,password123,91235171,123 Kent Ridge,01-01-2000,football
user705,user705@email.com,password123,91235172,123 Kent Ridge,01-01-2000,football
user706,user706@email.com,password123,91235173,123 Kent Ridge,01-01-2000,football
user707,user707@email.com,password123,91235174,123 Kent Ridge,01-01-2000,football
user708,user708@email.com,password123,91235175,123 Kent Ridge,01-01-2000,football
user709,user709@email.com,password123,91235176,123 Kent Ridge,01-01-2000,football
user710,user710@email.com,password123,91235177,123 Kent Ridge,01-01-2000,football
user711,user711@email.com,password123,91235178,123 Kent Ridge,01-01-2000,football
user712,user712@email.com,password123,91235179,123 Kent Ridge,01-01-2000,football
user713,user713@email.com,password123,91235180,123 Kent Ridge,01-01-2000,football
user714,user714@email.com,password123,91235181,123 Kent Ridge,01-01-2000,football
user715,user715@email.com,password123,91235182,123 Kent Ridge,01-01-2000,football
user716,user716@email.com,password123,91235183,123 Kent Ridge,01-01-2000,football
user717,user717@email.com,password123,91235184,123 Kent Ridge,01-01-2000,football
user718,user718@email.com,password123,91235185,123 Kent Ridge,01-01-2000,football
user719,user719@email.com,password123,91235186,123 Kent Ridge,01-01-2000,football
user720,user720@email.com,password123,91235187,123 Kent Ridge,01-01-2000,football
user721,user721@email.com,password123,91235188,123 Kent Ridge,01-01-2000,football
user722,user722@email.com,password123,91235189,123 Kent Ridge,01-01-2000,football
user723,user723@email.com,password123,91235190,123 Kent Ridge,01-01-2000,football
user724,user724@email.com,password123,91235191,123 Kent Ridge,01-01-2000,football
user725,user725@email.com,password123,91235192,123 Kent Ridge,01-01-2000,football
user726,user726@email.com,password123,91235193,123 Kent Ridge,01-01-2000,football
user727,user727@email.com,password123,91235194,123 Kent Ridge,01-01-2000,football
user728,user728@email.com,password123,91235195,123 Kent Ridge,01-01-2000,football
user729,user729@email.com,password123,91235196,123 Kent Ridge,01-01-2000,football
user730,user730@email.com,password123,91235197,123 Kent Ridge,01-01-2000,football
user731,user731@email.com,password123,91235198,123 Kent Ridge,01-01-2000,football
user732,user732@email.com,password123,91235199,123 Kent Ridge,01-01-2000,football
user733,user733@email.com,password123,91235200,123 Kent Ridge,01-01-2000,football
user734,user734@email.com,password123,91235201,123 Kent Ridge,01-01-2000,football
user735,user735@email.com,password123,91235202,123 Kent Ridge,01-01-2000,football
user736,user736@email.com,password123,91235203,123 Kent Ridge,01-01-2000,football
user737,user737@email.com,password123,91235204,123 Kent Ridge,01-01-2000,football
user738,user738@email.com,password123,91235205,123 Kent Ridge,01-01-2000,football
user739,user739@email.com,password123,91235206,123 Kent Ridge,01-01-2000,football
user740,user740@email.com,password123,91235207,123 Kent Ridge,01-01-2000,football
user741,user741@email.com,password123,91235208,123 Kent Ridge,01-01-2000,football
user742,user742@email.com,password123,91235209,123 Kent Ridge,01-01-2000,football
user743,user743@email.com,password123,91235210,123 Kent Ridge,01-01-2000,football
user744,user744@email.com,password123,91235211,123 Kent Ridge,01-01-2000,football
user745,user745@email.com,password123,91235212,123 Kent Ridge,01-01-2000,football
user746,user746@email.com,password123,91235213,123 Kent Ridge,01-01-2000,football
user747,user747@email.com,password123,91235214,123 Kent Ridge,01-01-2000,football
user748,user748@email.com,password123,91235215,123 Kent Ridge,01-01-2000,football
user749,user749@email.com,password123,91235216,123 Kent Ridge,01-01-2000,football
user750,user750@email.com,password123,91235217,123 Kent Ridge,01-01-2000,football
user751,user751@email.com,password123,91235218,123 Kent Ridge,01-01-2000,football
user752,user752@email.com,password123,91235219,123 Kent Ridge,01-01-2000,football
user753,user753@email.com,password123,91235220,123 Kent Ridge,01-01-2000,football
user754,user754@email.com,password123,91235221,123 Kent Ridge,01-01-2000,football
user755,user755@email.com,password123,91235222,123 Kent Ridge,01-01-2000,football
user756,user756@email.com,password123,91235223,123 Kent Ridge,01-01-2000,football
user757,user757@email.com,password123,91235224,123 Kent Ridge,01-01-2000,football
user758,user758@email.com,password123,91235225,123 Kent Ridge,01-01-2000,football
user759,user759@email.com,password123,91235226,123 Kent Ridge,01-01-2000,football
user760,user760@email.com,password123,91235227,123 Kent Ridge,01-01-2000,football
user761,user761@email.com,password123,91235228,123 Kent Ridge,01-01-2000,football
user762,user762@email.com,password123,91235229,123 Kent Ridge,01-01-2000,football
user763,user763@email.com,password123,91235230,123 Kent Ridge,01-01-2000,football
user764,user764@email.com,password123,91235231,123 Kent Ridge,01-01-2000,football
user765,user765@email.com,password123,91235232,123 Kent Ridge,01-01-2000,football
user766,user766@email.com,password123,91235233,123 Kent Ridge,01-01-2000,football
user767,user767@email.com,password123,91235234,123 Kent Ridge,01-01-2000,football
user768,user768@email.com,password123,91235235,123 Kent Ridge,01-01-2000,football
user769,user769@email.com,password123,91235236,123 Kent Ridge,01-01-2000,football
user770,user770@email.com,password123,91235237,123 Kent Ridge,01-01-2000,football
user771,user771@email.com,password123,91235238,123 Kent Ridge,01-01-2000,football
user772,user772@email.com,password123,91235239,123 Kent Ridge,01-01-2000,football
user773,user773@email.com,password123,91235240,123 Kent Ridge,01-01-2000,football
user774,user774@email.com,password123,91235241,123 Kent Ridge,01-01-2000,football
user775,user775@email.com,password123,91235242,123 Kent Ridge,01-01-2000,football
user776,user776@email.com,password123,91235243,123 Kent Ridge,01-01-2000,football
user777,user777@email.com,password123,91235244,123 Kent Ridge,01-01-2000,football
user778,user778@email.com,password123,91235245,123 Kent Ridge,01-01-2000,football
user779,user779@email.com,password123,91235246,123 Kent Ridge,01-01-2000,football
user780,user780@email.com,password123,91235247,123 Kent Ridge,01-01-2000,football
user781,user781@email.com,password123,91235248,123 Kent Ridge,01-01-2000,football
user782,user782@email.com,password123,91235249,123 Kent Ridge,01-01-2000,football
user783,user783@email.com,password123,91235250,123 Kent Ridge,01-01-2000,football
user784,user784@email.com,password123,91235251,123 Kent Ridge,01-01-2000,football
user785,user785@email.com,password123,91235252,123 Kent Ridge,01-01-2000,football
user786,user786@email.com,password123,91235253,123 Kent Ridge,01-01-2000,football
user787,user787@email.com,password123,91235254,123 Kent Ridge,01-01-2000,football
user788,user788@email.com,password123,91235255,123 Kent Ridge,01-01-2000,football
user789,user789@email.com,password123,91235256,123 Kent Ridge,01-01-2000,football
user790,user790@email.com,password123,91235257,123 Kent Ridge,01-01-2000,football
user791,user791@email.com,password123,91235258,123 Kent Ridge,01-01-2000,football
user792,user792@email.com,password123,91235259,123 Kent Ridge,01-01-2000,football
user793,user793@email.com,password123,91235260,123 Kent Ridge,01-01-2000,football
user794,user794@email.com,password123,91235261,123 Kent Ridge,01-01-2000,football
user795,user795@email.com,password123,91235262,123 Kent Ridge,01-01-2000,football
user796,user796@email.com,password123,91235263,123 Kent Ridge,01-01-2000,football
user797,user797@email.com,password123,91235264,123 Kent Ridge,01-01-2000,football
user798,user798@email.com,password123,91235265,123 Kent Ridge,01-01-2000,football
user799,user799@email.com,password123,91235266,123 Kent Ridge,01-01-2000,football
user800,user800@email.com,password123,91235267,123 Kent Ridge,01-01-2000,football
user801,user801@email.com,password123,91235268,123 Kent Ridge,01-01-2000,football
user802,user802@email.com,password123,91235269,123 Kent Ridge,01-01-2000,football
user803,user803@email.com,password123,91235270,123 Kent Ridge,01-01-2000,football
user804,user804@email.com,password123,91235271,123 Kent Ridge,01-01-2000,football
user805,user805@email.com,password123,91235272,123 Kent Ridge,01-01-2000,football
user806,user806@email.com,password123,91235273,123 Kent Ridge,01-01-2000,football
user807,user807@email.com,password123,91235274,123 Kent Ridge,01-01-2000,football
user808,user808@email.com,password123,91235275,123 Kent Ridge,01-01-2000,football
user809,user809@email.com,password123,91235276,123 Kent Ridge,01-01-2000,football
user810,user810@email.com,password123,91235277,123 Kent Ridge,01-01-2000,football
user811,user811@email.com,password123,91235278,123 Kent Ridge,01-01-2000,football
user812,user812@email.com,password123,91235279,123 Kent Ridge,01-01-2000,football
user813,user813@email.com,password123,91235280,123 Kent Ridge,01-01-2000,football
user814,user814@email.com,password123,91235281,123 Kent Ridge,01-01-2000,football
user815,user815@email.com,password123,91235282,123 Kent Ridge,01-01-2000,football
user816,user816@email.com,password123,91235283,123 Kent Ridge,01-01-2000,football
user817,user817@email.com,password123,91235284,123 Kent Ridge,01-01-2000,football
user818,user818@email.com,password123,91235285,123 Kent Ridge,01-01-2000,football
user819,user819@email.com,password123,91235286,123 Kent Ridge,01-01-2000,football
user820,user820@email.com,password123,91235287,123 Kent Ridge,01-01-2000,football
user821,user821@email.com,password123,91235288,123 Kent Ridge,01-01-2000,football
user822,user822@email.com,password123,91235289,123 Kent Ridge,01-01-2000,football
user823,user823@email.com,password123,91235290,123 Kent Ridge,01-01-2000,football
user824,user824@email.com,password123,91235291,123 Kent Ridge,01-01-2000,football
user825,user825@email.com,password123,91235292,123 Kent Ridge,01-01-2000,football
user826,user826@email.com,password123,91235293,123 Kent Ridge,01-01-2000,football
user827,user827@email.com,password123,91235294,123 Kent Ridge,01-01-2000,football
user828,user828@email.com,password123,91235295,123 Kent Ridge,01-01-2000,football
user829,user829@email.com,password123,91235296,123 Kent Ridge,01-01-2000,football
user830,user830@email.com,password123,91235297,123 Kent Ridge,01-01-2000,football
user831,user831@email.com,password123,91235298,123 Kent Ridge,01-01-2000,football
user832,user832@email.com,password123,91235299,123 Kent Ridge,01-01-2000,football
user833,user833@email.com,password123,91235300,123 Kent Ridge,01-01-2000,football
user834,user834@email.com,password123,91235301,123 Kent Ridge,01-01-2000,football
user835,user835@email.com,password123,91235302,123 Kent Ridge,01-01-2000,football
user836,user836@email.com,password123,91235303,123 Kent Ridge,01-01-2000,football
user837,user837@email.com,password123,91235304,123 Kent Ridge,01-01-2000,football
user838,user838@email.com,password123,91235305,123 Kent Ridge,01-01-2000,football
user839,user839@email.com,password123,91235306,123 Kent Ridge,01-01-2000,football
user840,user840@email.com,password123,91235307,123 Kent Ridge,01-01-2000,football
user841,user841@email.com,password123,91235308,123 Kent Ridge,01-01-2000,football
user842,user842@email.com,password123,91235309,123 Kent Ridge,01-01-2000,football
user843,user843@email.com,password123,91235310,123 Kent Ridge,01-01-2000,football
user844,user844@email.com,password123,91235311,123 Kent Ridge,01-01-2000,football
user845,user845@email.com,password123,91235312,123 Kent Ridge,01-01-2000,football
user846,user846@email.com,password123,91235313,123 Kent Ridge,01-01-2000,football
user847,user847@email.com,password123,91235314,123 Kent Ridge,01-01-2000,football
user848,user848@email.com,password123,91235315,123 Kent Ridge,01-01-2000,football
user849,user849@email.com,password123,91235316,123 Kent Ridge,01-01-2000,football
user850,user850@email.com,password123,91235317,123 Kent Ridge,01-01-2000,football
user851,user851@email.com,password123,91235318,123 Kent Ridge,01-01-2000,football
user852,user852@email.com,password123,91235319,123 Kent Ridge,01-01-2000,football
user853,user853@email.com,password123,91235320,123 Kent Ridge,01-01-2000,football
user854,user854@email.com,password123,91235321,123 Kent Ridge,01-01-2000,football
user855,user855@email.com,password123,91235322,123 Kent Ridge,01-01-2000,football
user856,user856@email.com,password123,91235323,123 Kent Ridge,01-01-2000,football
user857,user857@email.com,password123,91235324,123 Kent Ridge,01-01-2000,football
user858,user858@email.com,password123,91235325,123 Kent Ridge,01-01-2000,football
user859,user859@email.com,password123,91235326,123 Kent Ridge,01-01-2000,football
user860,user860@email.com,password123,91235327,123 Kent Ridge,01-01-2000,football
user861,user861@email.com,password123,91235328,123 Kent Ridge,01-01-2000,football
user862,user862@email.com,password123,91235329,123 Kent Ridge,01-01-2000,football
user863,user863@email.com,password123,91235330,123 Kent Ridge,01-01-2000,football
user864,user864@email.com,password123,91235331,123 Kent Ridge,01-01-2000,football
user865,user865@email.com,password123,91235332,123 Kent Ridge,01-01-2000,football
user866,user866@email.com,password123,91235333,123 Kent Ridge,01-01-2000,football
user867,user867@email.com,password123,91235334,123 Kent Ridge,01-01-2000,football
user868,user868@email.com,password123,91235335,123 Kent Ridge,01-01-2000,football
user869,user869@email.com,password123,91235336,123 Kent Ridge,01-01-2000,football
user870,user870@email.com,password123,91235337,123 Kent Ridge,01-01-2000,football
user871,user871@email.com,password123,91235338,123 Kent Ridge,01-01-2000,football
user872,user872@email.com,password123,91235339,123 Kent Ridge,01-01-2000,football
user873,user873@email.com,password123,91235340,123 Kent Ridge,01-01-2000,football
user874,user874@email.com,password123,91235341,123 Kent Ridge,01-01-2000,football
user875,user875@email.com,password123,91235342,123 Kent Ridge,01-01-2000,football
user876,user876@email.com,password123,91235343,123 Kent Ridge,01-01-2000,football
user877,user877@email.com,password123,91235344,123 Kent Ridge,01-01-2000,football
user878,user878@email.com,password123,91235345,123 Kent Ridge,01-01-2000,football
user879,user879@email.com,password123,91235346,123 Kent Ridge,01-01-2000,football
user880,user880@email.com,password123,91235347,123 Kent Ridge,01-01-2000,football
user881,user881@email.com,password123,91235348,123 Kent Ridge,01-01-2000,football
user882,user882@email.com,password123,91235349,123 Kent Ridge,01-01-2000,football
user883,user883@email.com,password123,91235350,123 Kent Ridge,01-01-2000,football
user884,user884@email.com,password123,91235351,123 Kent Ridge,01-01-2000,football
user885,user885@email.com,password123,91235352,123 Kent Ridge,01-01-2000,football
user886,user886@email.com,password123,91235353,123 Kent Ridge,01-01-2000,football
user887,user887@email.com,password123,91235354,123 Kent Ridge,01-01-2000,football
user888,user888@email.com,password123,91235355,123 Kent Ridge,01-01-2000,football
user889,user889@email.com,password123,91235356,123 Kent Ridge,01-01-2000,football
user890,user890@email.com,password123,91235357,123 Kent Ridge,01-01-2000,football
user891,user891@email.com,password123,91235358,123 Kent Ridge,01-01-2000,football
user892,user892@email.com,password123,91235359,123 Kent Ridge,01-01-2000,football
user893,user893@email.com,password123,91235360,123 Kent Ridge,01-01-2000,football
user894,user894@email.com,password123,91235361,123 Kent Ridge,01-01-2000,football
user895,user895@email.com,password123,91235362,123 Kent Ridge,01-01-2000,football
user896,user896@email.com,password123,91235363,123 Kent Ridge,01-01-2000,football
user897,user897@email.com,password123,91235364,123 Kent Ridge,01-01-2000,football
user898,user898@email.com,password123,91235365,123 Kent Ridge,01-01-2000,football
user899,user899@email.com,password123,91235366,123 Kent Ridge,01-01-2000,football
user900,user900@email.com,password123,91235367,123 Kent Ridge,01-01-2000,football
user901,user901@email.com,password123,91235368,123 Kent Ridge,01-01-2000,football
user902,user902@email.com,password123,91235369,123 Kent Ridge,01-01-2000,football
user903,user903@email.com,password123,91235370,123 Kent Ridge,01-01-2000,football
user904,user904@email.com,password123,91235371,123 Kent Ridge,01-01-2000,football
user905,user905@email.com,password123,91235372,123 Kent Ridge,01-01-2000,football
user906,user906@email.com,password123,91235373,123 Kent Ridge,01-01-2000,football
user907,user907@email.com,password123,91235374,123 Kent Ridge,01-01-2000,football
user908,user908@email.com,password123,91235375,123 Kent Ridge,01-01-2000,football
user909,user909@email.com,password123,91235376,123 Kent Ridge,01-01-2000,football
user910,user910@email.com,password123,91235377,123 Kent Ridge,01-01-2000,football
user911,user911@email.com,password123,91235378,123 Kent Ridge,01-01-2000,football
user912,user912@email.com,password123,91235379,123 Kent Ridge,01-01-2000,football
user913,user913@email.com,password123,91235380,123 Kent Ridge,01-01-2000,football
user914,user914@email.com,password123,91235381,123 Kent Ridge,01-01-2000,football
user915,user915@email.com,password123,91235382,123 Kent Ridge,01-01-2000,football
user916,user916@email.com,password123,91235383,123 Kent Ridge,01-01-2000,football
user917,user917@email.com,password123,91235384,123 Kent Ridge,01-01-2000,football
user918,user918@email.com,password123,91235385,123 Kent Ridge,01-01-2000,football
user919,user919@email.com,password123,91235386,123 Kent Ridge,01-01-2000,football
user920,user920@email.com,password123,91235387,123 Kent Ridge,01-01-2000,football
user921,user921@email.com,password123,91235388,123 Kent Ridge,01-01-2000,football
user922,user922@email.com,password123,91235389,123 Kent Ridge,01-01-2000,football
user923,user923@email.com,password123,91235390,123 Kent Ridge,01-01-2000,football
user924,user924@email.com,password123,91235391,123 Kent Ridge,01-01-2000,football
user925,user925@email.com,password123,91235392,123 Kent Ridge,01-01-2000,football
user926,user926@email.com,password123,91235393,123 Kent Ridge,01-01-2000,football
user927,user927@email.com,password123,91235394,123 Kent Ridge,01-01-2000,football
user928,user928@email.com,password123,91235395,123 Kent Ridge,01-01-2000,football
user929,user929@email.com,password123,91235396,123 Kent Ridge,01-01-2000,football
user930,user930@email.com,password123,91235397,123 Kent Ridge,01-01-2000,football
user931,user931@email.com,password123,91235398,123 Kent Ridge,01-01-2000,football
user932,user932@email.com,password123,91235399,123 Kent Ridge,01-01-2000,football
user933,user933@email.com,password123,91235400,123 Kent Ridge,01-01-2000,football
user934,user934@email.com,password123,91235401,123 Kent Ridge,01-01-2000,football
user935,user935@email.com,password123,91235402,123 Kent Ridge,01-01-2000,football
user936,user936@email.com,password123,91235403,123 Kent Ridge,01-01-2000,football
user937,user937@email.com,password123,91235404,123 Kent Ridge,01-01-2000,football
user938,user938@email.com,password123,91235405,123 Kent Ridge,01-01-2000,football
user939,user939@email.com,password123,91235406,123 Kent Ridge,01-01-2000,football
user940,user940@email.com,password123,91235407,123 Kent Ridge,01-01-2000,football
user941,user941@email.com,password123,91235408,123 Kent Ridge,01-01-2000,football
user942,user942@email.com,password123,91235409,123 Kent Ridge,01-01-2000,football
user943,user943@email.com,password123,91235410,123 Kent Ridge,01-01-2000,football
user944,user944@email.com,password123,91235411,123 Kent Ridge,01-01-2000,football
user945,user945@email.com,password123,91235412,123 Kent Ridge,01-01-2000,football
user946,user946@email.com,password123,91235413,123 Kent Ridge,01-01-2000,football
user947,user947@email.com,password123,91235414,123 Kent Ridge,01-01-2000,football
user948,user948@email.com,password123,91235415,123 Kent Ridge,01-01-2000,football
user949,user949@email.com,password123,91235416,123 Kent Ridge,01-01-2000,football
user950,user950@email.com,password123,91235417,123 Kent Ridge,01-01-2000,football
user951,user951@email.com,password123,91235418,123 Kent Ridge,01-01-2000,football
user952,user952@email.com,password123,91235419,123 Kent Ridge,01-01-2000,football
user953,user953@email.com,password123,91235420,123 Kent Ridge,01-01-2000,football
user954,user954@email.com,password123,91235421,123 Kent Ridge,01-01-2000,football
user955,user955@email.com,password123,91235422,123 Kent Ridge,01-01-2000,football
user956,user956@email.com,password123,91235423,123 Kent Ridge,01-01-2000,football
user957,user957@email.com,password123,91235424,123 Kent Ridge,01-01-2000,football
user958,user958@email.com,password123,91235425,123 Kent Ridge,01-01-2000,football
user959,user959@email.com,password123,91235426,123 Kent Ridge,01-01-2000,football
user960,user960@email.com,password123,91235427,123 Kent Ridge,01-01-2000,football
user961,user961@email.com,password123,91235428,123 Kent Ridge,01-01-2000,football
user962,user962@email.com,password123,91235429,123 Kent Ridge,01-01-2000,football
user963,user963@email.com,password123,91235430,123 Kent Ridge,01-01-2000,football
user964,user964@email.com,password123,91235431,123 Kent Ridge,01-01-2000,football
user965,user965@email.com,password123,91235432,123 Kent Ridge,01-01-2000,football
user966,user966@email.com,password123,91235433,123 Kent Ridge,01-01-2000,football
user967,user967@email.com,password123,91235434,123 Kent Ridge,01-01-2000,football
user968,user968@email.com,password123,91235435,123 Kent Ridge,01-01-2000,football
user969,user969@email.com,password123,91235436,123 Kent Ridge,01-01-2000,football
user970,user970@email.com,password123,91235437,123 Kent Ridge,01-01-2000,football
user971,user971@email.com,password123,91235438,123 Kent Ridge,01-01-2000,football
user972,user972@email.com,password123,91235439,123 Kent Ridge,01-01-2000,football
user973,user973@email.com,password123,91235440,123 Kent Ridge,01-01-2000,football
user974,user974@email.com,password123,91235441,123 Kent Ridge,01-01-2000,football
user975,user975@email.com,password123,91235442,123 Kent Ridge,01-01-2000,football
user976,user976@email.com,password123,91235443,123 Kent Ridge,01-01-2000,football
user977,user977@email.com,password123,91235444,123 Kent Ridge,01-01-2000,football
user978,user978@email.com,password123,91235445,123 Kent Ridge,01-01-2000,football
user979,user979@email.com,password123,91235446,123 Kent Ridge,01-01-2000,football
user980,user980@email.com,password123,91235447,123 Kent Ridge,01-01-2000,football
user981,user981@email.com,password123,91235448,123 Kent Ridge,01-01-2000,football
user982,user982@email.com,password123,91235449,123 Kent Ridge,01-01-2000,football
user983,user983@email.com,password123,91235450,123 Kent Ridge,01-01-2000,football
user984,user984@email.com,password123,91235451,123 Kent Ridge,01-01-2000,football
user985,user985@email.com,password123,91235452,123 Kent Ridge,01-01-2000,football
user986,user986@email.com,password123,91235453,123 Kent Ridge,01-01-2000,football
user987,user987@email.com,password123,91235454,123 Kent Ridge,01-01-2000,football
user988,user988@email.com,password123,91235455,123 Kent Ridge,01-01-2000,football
user989,user989@email.com,password123,91235456,123 Kent Ridge,01-01-2000,football
user990,user990@email.com,password123,91235457,123 Kent Ridge,01-01-2000,football
user991,user991@email.com,password123,91235458,123 Kent Ridge,01-01-2000,football
user992,user992@email.com,password123,91235459,123 Kent Ridge,01-01-2000,football
user993,user993@email.com,password123,91235460,123 Kent Ridge,01-01-2000,football
user994,user994@email.com,password123,91235461,123 Kent Ridge,01-01-2000,football
user995,user995@email.com,password123,91235462,123 Kent Ridge,01-01-2000,football
user996,user996@email.com,password123,91235463,123 Kent Ridge,01-01-2000,football
user997,user997@email.com,password123,91235464,123 Kent Ridge,01-01-2000,football
user998,user998@email.com,password123,91235465,123 Kent Ridge,01-01-2000,football
user999,user999@email.com,password123,91235466,123 Kent Ridge,01-01-2000,football
user1000,user1000@email.com,password123,91235467,123 Kent Ridge,01-01-2000,football
user1001,user1001@email.com,password123,91235468,123 Kent Ridge,01-01-2000,football
user1002,user1002@email.com,password123,91235469,123 Kent Ridge,01-01-2000,football
user1003,user1003@email.com,password123,91235470,123 Kent Ridge,01-01-2000,football
user1004,user1004@email.com,password123,91235471,123 Kent Ridge,01-01-2000,football
user1005,user1005@email.com,password123,91235472,123 Kent Ridge,01-01-2000,football
user1006,user1006@email.com,password123,91235473,123 Kent Ridge,01-01-2000,football
user1007,user1007@email.com,password123,91235474,123 Kent Ridge,01-01-2000,football
user1008,user1008@email.com,password123,91235475,123 Kent Ridge,01-01-2000,football
user1009,user1009@email.com,password123,91235476,123 Kent Ridge,01-01-2000,football
user1010,user1010@email.com,password123,91235477,123 Kent Ridge,01-01-2000,football
user1011,user1011@email.com,password123,91235478,123 Kent Ridge,01-01-2000,football
user1012,user1012@email.com,password123,91235479,123 Kent Ridge,01-01-2000,football
user1013,user1013@email.com,password123,91235480,123 Kent Ridge,01-01-2000,football
user1014,user1014@email.com,password123,91235481,123 Kent Ridge,01-01-2000,football
user1015,user1015@email.com,password123,91235482,123 Kent Ridge,01-01-2000,football
user1016,user1016@email.com,password123,91235483,123 Kent Ridge,01-01-2000,football
user1017,user1017@email.com,password123,91235484,123 Kent Ridge,01-01-2000,football
user1018,user1018@email.com,password123,91235485,123 Kent Ridge,01-01-2000,football
user1019,user1019@email.com,password123,91235486,123 Kent Ridge,01-01-2000,football
user1020,user1020@email.com,password123,91235487,123 Kent Ridge,01-01-2000,football
user1021,user1021@email.com,password123,91235488,123 Kent Ridge,01-01-2000,football
user1022,user1022@email.com,password123,91235489,123 Kent Ridge,01-01-2000,football
user1023,user1023@email.com,password123,91235490,123 Kent Ridge,01-01-2000,football
user1024,user1024@email.com,password123,91235491,123 Kent Ridge,01-01-2000,football
user1025,user1025@email.com,password123,91235492,123 Kent Ridge,01-01-2000,football
user1026,user1026@email.com,password123,91235493,123 Kent Ridge,01-01-2000,football
user1027,user1027@email.com,password123,91235494,123 Kent Ridge,01-01-2000,football
user1028,user1028@email.com,password123,91235495,123 Kent Ridge,01-01-2000,football
user1029,user1029@email.com,password123,91235496,123 Kent Ridge,01-01-2000,football
user1030,user1030@email.com,password123,91235497,123 Kent Ridge,01-01-2000,football
user1031,user1031@email.com,password123,91235498,123 Kent Ridge,01-01-2000,football
user1032,user1032@email.com,password123,91235499,123 Kent Ridge,01-01-2000,football
user1033,user1033@email.com,password123,91235500,123 Kent Ridge,01-01-2000,football
user1034,user1034@email.com,password123,91235501,123 Kent Ridge,01-01-2000,football
user1035,user1035@email.com,password123,91235502,123 Kent Ridge,01-01-2000,football
user1036,user1036@email.com,password123,91235503,123 Kent Ridge,01-01-2000,football
user1037,user1037@email.com,password123,91235504,123 Kent Ridge,01-01-2000,football
user1038,user1038@email.com,password123,91235505,123 Kent Ridge,01-01-2000,football
user1039,user1039@email.com,password123,91235506,123 Kent Ridge,01-01-2000,football
user1040,user1040@email.com,password123,91235507,123 Kent Ridge,01-01-2000,football
user1041,user1041@email.com,password123,91235508,123 Kent Ridge,01-01-2000,football
user1042,user1042@email.com,password123,91235509,123 Kent Ridge,01-01-2000,football
user1043,user1043@email.com,password123,91235510,123 Kent Ridge,01-01-2000,football
user1044,user1044@email.com,password123,91235511,123 Kent Ridge,01-01-2000,football
user1045,user1045@email.com,password123,91235512,123 Kent Ridge,01-01-2000,football
user1046,user1046@email.com,password123,91235513,123 Kent Ridge,01-01-2000,football
user1047,user1047@email.com,password123,91235514,123 Kent Ridge,01-01-2000,football
user1048,user1048@email.com,password123,91235515,123 Kent Ridge,01-01-2000,football
user1049,user1049@email.com,password123,91235516,123 Kent Ridge,01-01-2000,football
user1050,user1050@email.com,password123,91235517,123 Kent Ridge,01-01-2000,football
user1051,user1051@email.com,password123,91235518,123 Kent Ridge,01-01-2000,football
user1052,user1052@email.com,password123,91235519,123 Kent Ridge,01-01-2000,football
user1053,user1053@email.com,password123,91235520,123 Kent Ridge,01-01-2000,football
user1054,user1054@email.com,password123,91235521,123 Kent Ridge,01-01-2000,football
user1055,user1055@email.com,password123,91235522,123 Kent Ridge,01-01-2000,football
user1056,user1056@email.com,password123,91235523,123 Kent Ridge,01-01-2000,football
user1057,user1057@email.com,password123,91235524,123 Kent Ridge,01-01-2000,football
user1058,user1058@email.com,password123,91235525,123 Kent Ridge,01-01-2000,football
user1059,user1059@email.com,password123,91235526,123 Kent Ridge,01-01-2000,football
user1060,user1060@email.com,password123,91235527,123 Kent Ridge,01-01-2000,football
user1061,user1061@email.com,password123,91235528,123 Kent Ridge,01-01-2000,football
user1062,user1062@email.com,password123,91235529,123 Kent Ridge,01-01-2000,football
user1063,user1063@email.com,password123,91235530,123 Kent Ridge,01-01-2000,football
user1064,user1064@email.com,password123,91235531,123 Kent Ridge,01-01-2000,football
user1065,user1065@email.com,password123,91235532,123 Kent Ridge,01-01-2000,football
user1066,user1066@email.com,password123,91235533,123 Kent Ridge,01-01-2000,football
user1067,user1067@email.com,password123,91235534,123 Kent Ridge,01-01-2000,football
user1068,user1068@email.com,password123,91235535,123 Kent Ridge,01-01-2000,football
user1069,user1069@email.com,password123,91235536,123 Kent Ridge,01-01-2000,football
user1070,user1070@email.com,password123,91235537,123 Kent Ridge,01-01-2000,football
user1071,user1071@email.com,password123,91235538,123 Kent Ridge,01-01-2000,football
user1072,user1072@email.com,password123,91235539,123 Kent Ridge,01-01-2000,football
user1073,user1073@email.com,password123,91235540,123 Kent Ridge,01-01-2000,football
user1074,user1074@email.com,password123,91235541,123 Kent Ridge,01-01-2000,football
user1075,user1075@email.com,password123,91235542,123 Kent Ridge,01-01-2000,football
user1076,user1076@email.com,password123,91235543,123 Kent Ridge,01-01-2000,football
user1077,user1077@email.com,password123,91235544,123 Kent Ridge,01-01-2000,football
user1078,user1078@email.com,password123,91235545,123 Kent Ridge,01-01-2000,football
user1079,user1079@email.com,password123,91235546,123 Kent Ridge,01-01-2000,football
user1080,user1080@email.com,password123,91235547,123 Kent Ridge,01-01-2000,football
user1081,user1081@email.com,password123,91235548,123 Kent Ridge,01-01-2000,football
user1082,user1082@email.com,password123,91235549,123 Kent Ridge,01-01-2000,football
user1083,user1083@email.com,password123,91235550,123 Kent Ridge,01-01-2000,football
user1084,user1084@email.com,password123,91235551,123 Kent Ridge,01-01-2000,football
user1085,user1085@email.com,password123,91235552,123 Kent Ridge,01-01-2000,football
user1086,user1086@email.com,password123,91235553,123 Kent Ridge,01-01-2000,football
user1087,user1087@email.com,password123,91235554,123 Kent Ridge,01-01-2000,football
user1088,user1088@email.com,password123,91235555,123 Kent Ridge,01-01-2000,football
user1089,user1089@email.com,password123,91235556,123 Kent Ridge,01-01-2000,football
user1090,user1090@email.com,password123,91235557,123 Kent Ridge,01-01-2000,football
user1091,user1091@email.com,password123,91235558,123 Kent Ridge,01-01-2000,football
user1092,user1092@email.com,password123,91235559,123 Kent Ridge,01-01-2000,football
user1093,user1093@email.com,password123,91235560,123 Kent Ridge,01-01-2000,football
user1094,user1094@email.com,password123,91235561,123 Kent Ridge,01-01-2000,football
user1095,user1095@email.com,password123,91235562,123 Kent Ridge,01-01-2000,football
user1096,user1096@email.com,password123,91235563,123 Kent Ridge,01-01-2000,football
user1097,user1097@email.com,password123,91235564,123 Kent Ridge,01-01-2000,football
user1098,user1098@email.com,password123,91235565,123 Kent Ridge,01-01-2000,football
user1099,user1099@email.com,password123,91235566,123 Kent Ridge,01-01-2000,football
user1100,user1100@email.com,password123,91235567,123 Kent Ridge,01-01-2000,football
user1101,user1101@email.com,password123,91235568,123 Kent Ridge,01-01-2000,football
user1102,user1102@email.com,password123,91235569,123 Kent Ridge,01-01-2000,football
user1103,user1103@email.com,password123,91235570,123 Kent Ridge,01-01-2000,football
user1104,user1104@email.com,password123,91235571,123 Kent Ridge,01-01-2000,football
user1105,user1105@email.com,password123,91235572,123 Kent Ridge,01-01-2000,football
user1106,user1106@email.com,password123,91235573,123 Kent Ridge,01-01-2000,football
user1107,user1107@email.com,password123,91235574,123 Kent Ridge,01-01-2000,football
user1108,user1108@email.com,password123,91235575,123 Kent Ridge,01-01-2000,football
user1109,user1109@email.com,password123,91235576,123 Kent Ridge,01-01-2000,football
user1110,user1110@email.com,password123,91235577,123 Kent Ridge,01-01-2000,football
user1111,user1111@email.com,password123,91235578,123 Kent Ridge,01-01-2000,football
user1112,user1112@email.com,password123,91235579,123 Kent Ridge,01-01-2000,football
user1113,user1113@email.com,password123,91235580,123 Kent Ridge,01-01-2000,football
user1114,user1114@email.com,password123,91235581,123 Kent Ridge,01-01-2000,football
user1115,user1115@email.com,password123,91235582,123 Kent Ridge,01-01-2000,football
user1116,user1116@email.com,password123,91235583,123 Kent Ridge,01-01-2000,football
user1117,user1117@email.com,password123,91235584,123 Kent Ridge,01-01-2000,football
user1118,user1118@email.com,password123,91235585,123 Kent Ridge,01-01-2000,football
user1119,user1119@email.com,password123,91235586,123 Kent Ridge,01-01-2000,football
user1120,user1120@email.com,password123,91235587,123 Kent Ridge,01-01-2000,football
user1121,user1121@email.com,password123,91235588,123 Kent Ridge,01-01-2000,football
user1122,user1122@email.com,password123,91235589,123 Kent Ridge,01-01-2000,football
user1123,user1123@email.com,password123,91235590,123 Kent Ridge,01-01-2000,football
user1124,user1124@email.com,password123,91235591,123 Kent Ridge,01-01-2000,football
user1125,user1125@email.com,password123,91235592,123 Kent Ridge,01-01-2000,football
user1126,user1126@email.com,password123,91235593,123 Kent Ridge,01-01-2000,football
user1127,user1127@email.com,password123,91235594,123 Kent Ridge,01-01-2000,football
user1128,user1128@email.com,password123,91235595,123 Kent Ridge,01-01-2000,football
user1129,user1129@email.com,password123,91235596,123 Kent Ridge,01-01-2000,football
user1130,user1130@email.com,password123,91235597,123 Kent Ridge,01-01-2000,football
user1131,user1131@email.com,password123,91235598,123 Kent Ridge,01-01-2000,football
user1132,user1132@email.com,password123,91235599,123 Kent Ridge,01-01-2000,football
user1133,user1133@email.com,password123,91235600,123 Kent Ridge,01-01-2000,football
user1134,user1134@email.com,password123,91235601,123 Kent Ridge,01-01-2000,football
user1135,user1135@email.com,password123,91235602,123 Kent Ridge,01-01-2000,football
user1136,user1136@email.com,password123,91235603,123 Kent Ridge,01-01-2000,football
user1137,user1137@email.com,password123,91235604,123 Kent Ridge,01-01-2000,football
user1138,user1138@email.com,password123,91235605,123 Kent Ridge,01-01-2000,football
user1139,user1139@email.com,password123,91235606,123 Kent Ridge,01-01-2000,football
user1140,user1140@email.com,password123,91235607,123 Kent Ridge,01-01-2000,football
user1141,user1141@email.com,password123,91235608,123 Kent Ridge,01-01-2000,football
user1142,user1142@email.com,password123,91235609,123 Kent Ridge,01-01-2000,football
user1143,user1143@email.com,password123,91235610,123 Kent Ridge,01-01-2000,football
user1144,user1144@email.com,password123,91235611,123 Kent Ridge,01-01-2000,football
user1145,user1145@email.com,password123,91235612,123 Kent Ridge,01-01-2000,football
user1146,user1146@email.com,password123,91235613,123 Kent Ridge,01-01-2000,football
user1147,user1147@email.com,password123,91235614,123 Kent Ridge,01-01-2000,football
user1148,user1148@email.com,password123,91235615,123 Kent Ridge,01-01-2000,football
user1149,user1149@email.com,password123,91235616,123 Kent Ridge,01-01-2000,football
user1150,user1150@email.com,password123,91235617,123 Kent Ridge,01-01-2000,football
user1151,user1151@email.com,password123,91235618,123 Kent Ridge,01-01-2000,football
user1152,user1152@email.com,password123,91235619,123 Kent Ridge,01-01-2000,football
user1153,user1153@email.com,password123,91235620,123 Kent Ridge,01-01-2000,football
user1154,user1154@email.com,password123,91235621,123 Kent Ridge,01-01-2000,football
user1155,user1155@email.com,password123,91235622,123 Kent Ridge,01-01-2000,football
user1156,user1156@email.com,password123,91235623,123 Kent Ridge,01-01-2000,football
user1157,user1157@email.com,password123,91235624,123 Kent Ridge,01-01-2000,football
user1158,user1158@email.com,password123,91235625,123 Kent Ridge,01-01-2000,football
user1159,user1159@email.com,password123,91235626,123 Kent Ridge,01-01-2000,football
user1160,user1160@email.com,password123,91235627,123 Kent Ridge,01-01-2000,football
user1161,user1161@email.com,password123,91235628,123 Kent Ridge,01-01-2000,football
user1162,user1162@email.com,password123,91235629,123 Kent Ridge,01-01-2000,football
user1163,user1163@email.com,password123,91235630,123 Kent Ridge,01-01-2000,football
user1164,user1164@email.com,password123,91235631,123 Kent Ridge,01-01-2000,football
user1165,user1165@email.com,password123,91235632,123 Kent Ridge,01-01-2000,football
user1166,user1166@email.com,password123,91235633,123 Kent Ridge,01-01-2000,football
user1167,user1167@email.com,password123,91235634,123 Kent Ridge,01-01-2000,football
user1168,user1168@email.com,password123,91235635,123 Kent Ridge,01-01-2000,football
user1169,user1169@email.com,password123,91235636,123 Kent Ridge,01-01-2000,football
user1170,user1170@email.com,password123,91235637,123 Kent Ridge,01-01-2000,football
user1171,user1171@email.com,password123,91235638,123 Kent Ridge,01-01-2000,football
user1172,user1172@email.com,password123,91235639,123 Kent Ridge,01-01-2000,football
user1173,user1173@email.com,password123,91235640,123 Kent Ridge,01-01-2000,football
user1174,user1174@email.com,password123,91235641,123 Kent Ridge,01-01-2000,football
user1175,user1175@email.com,password123,91235642,123 Kent Ridge,01-01-2000,football
user1176,user1176@email.com,password123,91235643,123 Kent Ridge,01-01-2000,football
user1177,user1177@email.com,password123,91235644,123 Kent Ridge,01-01-2000,football
user1178,user1178@email.com,password123,91235645,123 Kent Ridge,01-01-2000,football
user1179,user1179@email.com,password123,91235646,123 Kent Ridge,01-01-2000,football
user1180,user1180@email.com,password123,91235647,123 Kent Ridge,01-01-2000,football
user1181,user1181@email.com,password123,91235648,123 Kent Ridge,01-01-2000,football
user1182,user1182@email.com,password123,91235649,123 Kent Ridge,01-01-2000,football
user1183,user1183@email.com,password123,91235650,123 Kent Ridge,01-01-2000,football
user1184,user1184@email.com,password123,91235651,123 Kent Ridge,01-01-2000,football
user1185,user1185@email.com,password123,91235652,123 Kent Ridge,01-01-2000,football
user1186,user1186@email.com,password123,91235653,123 Kent Ridge,01-01-2000,football
user1187,user1187@email.com,password123,91235654,123 Kent Ridge,01-01-2000,football
user1188,user1188@email.com,password123,91235655,123 Kent Ridge,01-01-2000,football
user1189,user1189@email.com,password123,91235656,123 Kent Ridge,01-01-2000,football
user1190,user1190@email.com,password123,91235657,123 Kent Ridge,01-01-2000,football
user1191,user1191@email.com,password123,91235658,123 Kent Ridge,01-01-2000,football
user1192,user1192@email.com,password123,91235659,123 Kent Ridge,01-01-2000,football
user1193,user1193@email.com,password123,91235660,123 Kent Ridge,01-01-2000,football
user1194,user1194@email.com,password123,91235661,123 Kent Ridge,01-01-2000,football
user1195,user1195@email.com,password123,91235662,123 Kent Ridge,01-01-2000,football
user1196,user1196@email.com,password123,91235663,123 Kent Ridge,01-01-2000,football
user1197,user1197@email.com,password123,91235664,123 Kent Ridge,01-01-2000,football
user1198,user1198@email.com,password123,91235665,123 Kent Ridge,01-01-2000,football
user1199,user1199@email.com,password123,91235666,123 Kent Ridge,01-01-2000,football
user1200,user1200@email.com,password123,91235667,123 Kent Ridge,01-01-2000,football
user1201,user1201@email.com,password123,91235668,123 Kent Ridge,01-01-2000,football
user1202,user1202@email.com,password123,91235669,123 Kent Ridge,01-01-2000,football
user1203,user1203@email.com,password123,91235670,123 Kent Ridge,01-01-2000,football
user1204,user1204@email.com,password123,91235671,123 Kent Ridge,01-01-2000,football
user1205,user1205@email.com,password123,91235672,123 Kent Ridge,01-01-2000,football
user1206,user1206@email.com,password123,91235673,123 Kent Ridge,01-01-2000,football
user1207,user1207@email.com,password123,91235674,123 Kent Ridge,01-01-2000,football
user1208,user1208@email.com,password123,91235675,123 Kent Ridge,01-01-2000,football
user1209,user1209@email.com,password123,91235676,123 Kent Ridge,01-01-2000,football
user1210,user1210@email.com,password123,91235677,123 Kent Ridge,01-01-2000,football
user1211,user1211@email.com,password123,91235678,123 Kent Ridge,01-01-2000,football
user1212,user1212@email.com,password123,91235679,123 Kent Ridge,01-01-2000,football
user1213,user1213@email.com,password123,91235680,123 Kent Ridge,01-01-2000,football
user1214,user1214@email.com,password123,91235681,123 Kent Ridge,01-01-2000,football
user1215,user1215@email.com,password123,91235682,123 Kent Ridge,01-01-2000,football
user1216,user1216@email.com,password123,91235683,123 Kent Ridge,01-01-2000,football
user1217,user1217@email.com,password123,91235684,123 Kent Ridge,01-01-2000,football
user1218,user1218@email.com,password123,91235685,123 Kent Ridge,01-01-2000,football
user1219,user1219@email.com,password123,91235686,123 Kent Ridge,01-01-2000,football
user1220,user1220@email.com,password123,91235687,123 Kent Ridge,01-01-2000,football
user1221,user1221@email.com,password123,91235688,123 Kent Ridge,01-01-2000,football
user1222,user1222@email.com,password123,91235689,123 Kent Ridge,01-01-2000,football
user1223,user1223@email.com,password123,91235690,123 Kent Ridge,01-01-2000,football
user1224,user1224@email.com,password123,91235691,123 Kent Ridge,01-01-2000,football
user1225,user1225@email.com,password123,91235692,123 Kent Ridge,01-01-2000,football
user1226,user1226@email.com,password123,91235693,123 Kent Ridge,01-01-2000,football
user1227,user1227@email.com,password123,91235694,123 Kent Ridge,01-01-2000,football
user1228,user1228@email.com,password123,91235695,123 Kent Ridge,01-01-2000,football
user1229,user1229@email.com,password123,91235696,123 Kent Ridge,01-01-2000,football
user1230,user1230@email.com,password123,91235697,123 Kent Ridge,01-01-2000,football
user1231,user1231@email.com,password123,91235698,123 Kent Ridge,01-01-2000,football
user1232,user1232@email.com,password123,91235699,123 Kent Ridge,01-01-2000,football
user1233,user1233@email.com,password123,91235700,123 Kent Ridge,01-01-2000,football
user1234,user1234@email.com,password123,91235701,123 Kent Ridge,01-01-2000,football
user1235,user1235@email.com,password123,91235702,123 Kent Ridge,01-01-2000,football
user1236,user1236@email.com,password123,91235703,123 Kent Ridge,01-01-2000,football
user1237,user1237@email.com,password123,91235704,123 Kent Ridge,01-01-2000,football
user1238,user1238@email.com,password123,91235705,123 Kent Ridge,01-01-2000,football
user1239,user1239@email.com,password123,91235706,123 Kent Ridge,01-01-2000,football
user1240,user1240@email.com,password123,91235707,123 Kent Ridge,01-01-2000,football
user1241,user1241@email.com,password123,91235708,123 Kent Ridge,01-01-2000,football
user1242,user1242@email.com,password123,91235709,123 Kent Ridge,01-01-2000,football
user1243,user1243@email.com,password123,91235710,123 Kent Ridge,01-01-2000,football
user1244,user1244@email.com,password123,91235711,123 Kent Ridge,01-01-2000,football
user1245,user1245@email.com,password123,91235712,123 Kent Ridge,01-01-2000,football
user1246,user1246@email.com,password123,91235713,123 Kent Ridge,01-01-2000,football
user1247,user1247@email.com,password123,91235714,123 Kent Ridge,01-01-2000,football
user1248,user1248@email.com,password123,91235715,123 Kent Ridge,01-01-2000,football
user1249,user1249@email.com,password123,91235716,123 Kent Ridge,01-01-2000,football
user1250,user1250@email.com,password123,91235717,123 Kent Ridge,01-01-2000,football
user1251,user1251@email.com,password123,91235718,123 Kent Ridge,01-01-2000,football
user1252,user1252@email.com,password123,91235719,123 Kent Ridge,01-01-2000,football
user1253,user1253@email.com,password123,91235720,123 Kent Ridge,01-01-2000,football
user1254,user1254@email.com,password123,91235721,123 Kent Ridge,01-01-2000,football
user1255,user1255@email.com,password123,91235722,123 Kent Ridge,01-01-2000,football
user1256,user1256@email.com,password123,91235723,123 Kent Ridge,01-01-2000,football
user1257,user1257@email.com,password123,91235724,123 Kent Ridge,01-01-2000,football
user1258,user1258@email.com,password123,91235725,123 Kent Ridge,01-01-2000,football
user1259,user1259@email.com,password123,91235726,123 Kent Ridge,01-01-2000,football
user1260,user1260@email.com,password123,91235727,123 Kent Ridge,01-01-2000,football
user1261,user1261@email.com,password123,91235728,123 Kent Ridge,01-01-2000,football
user1262,user1262@email.com,password123,91235729,123 Kent Ridge,01-01-2000,football
user1263,user1263@email.com,password123,91235730,123 Kent Ridge,01-01-2000,football
user1264,user1264@email.com,password123,91235731,123 Kent Ridge,01-01-2000,football
user1265,user1265@email.com,password123,91235732,123 Kent Ridge,01-01-2000,football
user1266,user1266@email.com,password123,91235733,123 Kent Ridge,01-01-2000,football
user1267,user1267@email.com,password123,91235734,123 Kent Ridge,01-01-2000,football
user1268,user1268@email.com,password123,91235735,123 Kent Ridge,01-01-2000,football
user1269,user1269@email.com,password123,91235736,123 Kent Ridge,01-01-2000,football
user1270,user1270@email.com,password123,91235737,123 Kent Ridge,01-01-2000,football
user1271,user1271@email.com,password123,91235738,123 Kent Ridge,01-01-2000,football
user1272,user1272@email.com,password123,91235739,123 Kent Ridge,01-01-2000,football
user1273,user1273@email.com,password123,91235740,123 Kent Ridge,01-01-2000,football
user1274,user1274@email.com,password123,91235741,123 Kent Ridge,01-01-2000,football
user1275,user1275@email.com,password123,91235742,123 Kent Ridge,01-01-2000,football
user1276,user1276@email.com,password123,91235743,123 Kent Ridge,01-01-2000,football
user1277,user1277@email.com,password123,91235744,123 Kent Ridge,01-01-2000,football
user1278,user1278@email.com,password123,91235745,123 Kent Ridge,01-01-2000,football
user1279,user1279@email.com,password123,91235746,123 Kent Ridge,01-01-2000,football
user1280,user1280@email.com,password123,91235747,123 Kent Ridge,01-01-2000,football
user1281,user1281@email.com,password123,91235748,123 Kent Ridge,01-01-2000,football
user1282,user1282@email.com,password123,91235749,123 Kent Ridge,01-01-2000,football
user1283,user1283@email.com,password123,91235750,123 Kent Ridge,01-01-2000,football
user1284,user1284@email.com,password123,91235751,123 Kent Ridge,01-01-2000,football
user1285,user1285@email.com,password123,91235752,123 Kent Ridge,01-01-2000,football
user1286,user1286@email.com,password123,91235753,123 Kent Ridge,01-01-2000,football
user1287,user1287@email.com,password123,91235754,123 Kent Ridge,01-01-2000,football
user1288,user1288@email.com,password123,91235755,123 Kent Ridge,01-01-2000,football
user1289,user1289@email.com,password123,91235756,123 Kent Ridge,01-01-2000,football
user1290,user1290@email.com,password123,91235757,123 Kent Ridge,01-01-2000,football
user1291,user1291@email.com,password123,91235758,123 Kent Ridge,01-01-2000,football
user1292,user1292@email.com,password123,91235759,123 Kent Ridge,01-01-2000,football
user1293,user1293@email.com,password123,91235760,123 Kent Ridge,01-01-2000,football
user1294,user1294@email.com,password123,91235761,123 Kent Ridge,01-01-2000,football
user1295,user1295@email.com,password123,91235762,123 Kent Ridge,01-01-2000,football
user1296,user1296@email.com,password123,91235763,123 Kent Ridge,01-01-2000,football
user1297,user1297@email.com,password123,91235764,123 Kent Ridge,01-01-2000,football
user1298,user1298@email.com,password123,91235765,123 Kent Ridge,01-01-2000,football
user1299,user1299@email.com,password123,91235766,123 Kent Ridge,01-01-2000,football
user1300,user1300@email.com,password123,91235767,123 Kent Ridge,01-01-2000,football
user1301,user1301@email.com,password123,91235768,123 Kent Ridge,01-01-2000,football
user1302,user1302@email.com,password123,91235769,123 Kent Ridge,01-01-2000,football
user1303,user1303@email.com,password123,91235770,123 Kent Ridge,01-01-2000,football
user1304,user1304@email.com,password123,91235771,123 Kent Ridge,01-01-2000,football
user1305,user1305@email.com,password123,91235772,123 Kent Ridge,01-01-2000,football
user1306,user1306@email.com,password123,91235773,123 Kent Ridge,01-01-2000,football
user1307,user1307@email.com,password123,91235774,123 Kent Ridge,01-01-2000,football
user1308,user1308@email.com,password123,91235775,123 Kent Ridge,01-01-2000,football
user1309,user1309@email.com,password123,91235776,123 Kent Ridge,01-01-2000,football
user1310,user1310@email.com,password123,91235777,123 Kent Ridge,01-01-2000,football
user1311,user1311@email.com,password123,91235778,123 Kent Ridge,01-01-2000,football
user1312,user1312@email.com,password123,91235779,123 Kent Ridge,01-01-2000,football
user1313,user1313@email.com,password123,91235780,123 Kent Ridge,01-01-2000,football
user1314,user1314@email.com,password123,91235781,123 Kent Ridge,01-01-2000,football
user1315,user1315@email.com,password123,91235782,123 Kent Ridge,01-01-2000,football
user1316,user1316@email.com,password123,91235783,123 Kent Ridge,01-01-2000,football
user1317,user1317@email.com,password123,91235784,123 Kent Ridge,01-01-2000,football
user1318,user1318@email.com,password123,91235785,123 Kent Ridge,01-01-2000,football
user1319,user1319@email.com,password123,91235786,123 Kent Ridge,01-01-2000,football
user1320,user1320@email.com,password123,91235787,123 Kent Ridge,01-01-2000,football
user1321,user1321@email.com,password123,91235788,123 Kent Ridge,01-01-2000,football
user1322,user1322@email.com,password123,91235789,123 Kent Ridge,01-01-2000,football
user1323,user1323@email.com,password123,91235790,123 Kent Ridge,01-01-2000,football
user1324,user1324@email.com,password123,91235791,123 Kent Ridge,01-01-2000,football
user1325,user1325@email.com,password123,91235792,123 Kent Ridge,01-01-2000,football
user1326,user1326@email.com,password123,91235793,123 Kent Ridge,01-01-2000,football
user1327,user1327@email.com,password123,91235794,123 Kent Ridge,01-01-2000,football
user1328,user1328@email.com,password123,91235795,123 Kent Ridge,01-01-2000,football
user1329,user1329@email.com,password123,91235796,123 Kent Ridge,01-01-2000,football
user1330,user1330@email.com,password123,91235797,123 Kent Ridge,01-01-2000,football
user1331,user1331@email.com,password123,91235798,123 Kent Ridge,01-01-2000,football
user1332,user1332@email.com,password123,91235799,123 Kent Ridge,01-01-2000,football
user1333,user1333@email.com,password123,91235800,123 Kent Ridge,01-01-2000,football
user1334,user1334@email.com,password123,91235801,123 Kent Ridge,01-01-2000,football
user1335,user1335@email.com,password123,91235802,123 Kent Ridge,01-01-2000,football
user1336,user1336@email.com,password123,91235803,123 Kent Ridge,01-01-2000,football
user1337,user1337@email.com,password123,91235804,123 Kent Ridge,01-01-2000,football
user1338,user1338@email.com,password123,91235805,123 Kent Ridge,01-01-2000,football
user1339,user1339@email.com,password123,91235806,123 Kent Ridge,01-01-2000,football
user1340,user1340@email.com,password123,91235807,123 Kent Ridge,01-01-2000,football
user1341,user1341@email.com,password123,91235808,123 Kent Ridge,01-01-2000,football
user1342,user1342@email.com,password123,91235809,123 Kent Ridge,01-01-2000,football
user1343,user1343@email.com,password123,91235810,123 Kent Ridge,01-01-2000,football
user1344,user1344@email.com,password123,91235811,123 Kent Ridge,01-01-2000,football
user1345,user1345@email.com,password123,91235812,123 Kent Ridge,01-01-2000,football
user1346,user1346@email.com,password123,91235813,123 Kent Ridge,01-01-2000,football
user1347,user1347@email.com,password123,91235814,123 Kent Ridge,01-01-2000,football
user1348,user1348@email.com,password123,91235815,123 Kent Ridge,01-01-2000,football
user1349,user1349@email.com,password123,91235816,123 Kent Ridge,01-01-2000,football
user1350,user1350@email.com,password123,91235817,123 Kent Ridge,01-01-2000,football
user1351,user1351@email.com,password123,91235818,123 Kent Ridge,01-01-2000,football
user1352,user1352@email.com,password123,91235819,123 Kent Ridge,01-01-2000,football
user1353,user1353@email.com,password123,91235820,123 Kent Ridge,01-01-2000,football
user1354,user1354@email.com,password123,91235821,123 Kent Ridge,01-01-2000,football
user1355,user1355@email.com,password123,91235822,123 Kent Ridge,01-01-2000,football
user1356,user1356@email.com,password123,91235823,123 Kent Ridge,01-01-2000,football
user1357,user1357@email.com,password123,91235824,123 Kent Ridge,01-01-2000,football
user1358,user1358@email.com,password123,91235825,123 Kent Ridge,01-01-2000,football
user1359,user1359@email.com,password123,91235826,123 Kent Ridge,01-01-2000,football
user1360,user1360@email.com,password123,91235827,123 Kent Ridge,01-01-2000,football
user1361,user1361@email.com,password123,91235828,123 Kent Ridge,01-01-2000,football
user1362,user1362@email.com,password123,91235829,123 Kent Ridge,01-01-2000,football
user1363,user1363@email.com,password123,91235830,123 Kent Ridge,01-01-2000,football
user1364,user1364@email.com,password123,91235831,123 Kent Ridge,01-01-2000,football
user1365,user1365@email.com,password123,91235832,123 Kent Ridge,01-01-2000,football
user1366,user1366@email.com,password123,91235833,123 Kent Ridge,01-01-2000,football
user1367,user1367@email.com,password123,91235834,123 Kent Ridge,01-01-2000,football
user1368,user1368@email.com,password123,91235835,123 Kent Ridge,01-01-2000,football
user1369,user1369@email.com,password123,91235836,123 Kent Ridge,01-01-2000,football
user1370,user1370@email.com,password123,91235837,123 Kent Ridge,01-01-2000,football
user1371,user1371@email.com,password123,91235838,123 Kent Ridge,01-01-2000,football
user1372,user1372@email.com,password123,91235839,123 Kent Ridge,01-01-2000,football
user1373,user1373@email.com,password123,91235840,123 Kent Ridge,01-01-2000,football
user1374,user1374@email.com,password123,91235841,123 Kent Ridge,01-01-2000,football
user1375,user1375@email.com,password123,91235842,123 Kent Ridge,01-01-2000,football
user1376,user1376@email.com,password123,91235843,123 Kent Ridge,01-01-2000,football
user1377,user1377@email.com,password123,91235844,123 Kent Ridge,01-01-2000,football
user1378,user1378@email.com,password123,91235845,123 Kent Ridge,01-01-2000,football
user1379,user1379@email.com,password123,91235846,123 Kent Ridge,01-01-2000,football
user1380,user1380@email.com,password123,91235847,123 Kent Ridge,01-01-2000,football
user1381,user1381@email.com,password123,91235848,123 Kent Ridge,01-01-2000,football
user1382,user1382@email.com,password123,91235849,123 Kent Ridge,01-01-2000,football
user1383,user1383@email.com,password123,91235850,123 Kent Ridge,01-01-2000,football
user1384,user1384@email.com,password123,91235851,123 Kent Ridge,01-01-2000,football
user1385,user1385@email.com,password123,91235852,123 Kent Ridge,01-01-2000,football
user1386,user1386@email.com,password123,91235853,123 Kent Ridge,01-01-2000,football
user1387,user1387@email.com,password123,91235854,123 Kent Ridge,01-01-2000,football
user1388,user1388@email.com,password123,91235855,123 Kent Ridge,01-01-2000,football
user1389,user1389@email.com,password123,91235856,123 Kent Ridge,01-01-2000,football
user1390,user1390@email.com,password123,91235857,123 Kent Ridge,01-01-2000,football
user1391,user1391@email.com,password123,91235858,123 Kent Ridge,01-01-2000,football
user1392,user1392@email.com,password123,91235859,123 Kent Ridge,01-01-2000,football
user1393,user1393@email.com,password123,91235860,123 Kent Ridge,01-01-2000,football
user1394,user1394@email.com,password123,91235861,123 Kent Ridge,01-01-2000,football
user1395,user1395@email.com,password123,91235862,123 Kent Ridge,01-01-2000,football
user1396,user1396@email.com,password123,91235863,123 Kent Ridge,01-01-2000,football
user1397,user1397@email.com,password123,91235864,123 Kent Ridge,01-01-2000,football
user1398,user1398@email.com,password123,91235865,123 Kent Ridge,01-01-2000,football
user1399,user1399@email.com,password123,91235866,123 Kent Ridge,01-01-2000,football
user1400,user1400@email.com,password123,91235867,123 Kent Ridge,01-01-2000,football
user1401,user1401@email.com,password123,91235868,123 Kent Ridge,01-01-2000,football
user1402,user1402@email.com,password123,91235869,123 Kent Ridge,01-01-2000,football
user1403,user1403@email.com,password123,91235870,123 Kent Ridge,01-01-2000,football
user1404,user1404@email.com,password123,91235871,123 Kent Ridge,01-01-2000,football
user1405,user1405@email.com,password123,91235872,123 Kent Ridge,01-01-2000,football
user1406,user1406@email.com,password123,91235873,123 Kent Ridge,01-01-2000,football
user1407,user1407@email.com,password123,91235874,123 Kent Ridge,01-01-2000,football
user1408,user1408@email.com,password123,91235875,123 Kent Ridge,01-01-2000,football
user1409,user1409@email.com,password123,91235876,123 Kent Ridge,01-01-2000,football
user1410,user1410@email.com,password123,91235877,123 Kent Ridge,01-01-2000,football
user1411,user1411@email.com,password123,91235878,123 Kent Ridge,01-01-2000,football
user1412,user1412@email.com,password123,91235879,123 Kent Ridge,01-01-2000,football
user1413,user1413@email.com,password123,91235880,123 Kent Ridge,01-01-2000,football
user1414,user1414@email.com,password123,91235881,123 Kent Ridge,01-01-2000,football
user1415,user1415@email.com,password123,91235882,123 Kent Ridge,01-01-2000,football
user1416,user1416@email.com,password123,91235883,123 Kent Ridge,01-01-2000,football
user1417,user1417@email.com,password123,91235884,123 Kent Ridge,01-01-2000,football
user1418,user1418@email.com,password123,91235885,123 Kent Ridge,01-01-2000,football
user1419,user1419@email.com,password123,91235886,123 Kent Ridge,01-01-2000,football
user1420,user1420@email.com,password123,91235887,123 Kent Ridge,01-01-2000,football
user1421,user1421@email.com,password123,91235888,123 Kent Ridge,01-01-2000,football
user1422,user1422@email.com,password123,91235889,123 Kent Ridge,01-01-2000,football
user1423,user1423@email.com,password123,91235890,123 Kent Ridge,01-01-2000,football
user1424,user1424@email.com,password123,91235891,123 Kent Ridge,01-01-2000,football
user1425,user1425@email.com,password123,91235892,123 Kent Ridge,01-01-2000,football
user1426,user1426@email.com,password123,91235893,123 Kent Ridge,01-01-2000,football
user1427,user1427@email.com,password123,91235894,123 Kent Ridge,01-01-2000,football
user1428,user1428@email.com,password123,91235895,123 Kent Ridge,01-01-2000,football
user1429,user1429@email.com,password123,91235896,123 Kent Ridge,01-01-2000,football
user1430,user1430@email.com,password123,91235897,123 Kent Ridge,01-01-2000,football
user1431,user1431@email.com,password123,91235898,123 Kent Ridge,01-01-2000,football
user1432,user1432@email.com,password123,91235899,123 Kent Ridge,01-01-2000,football
user1433,user1433@email.com,password123,91235900,123 Kent Ridge,01-01-2000,football
user1434,user1434@email.com,password123,91235901,123 Kent Ridge,01-01-2000,football
user1435,user1435@email.com,password123,91235902,123 Kent Ridge,01-01-2000,football
user1436,user1436@email.com,password123,91235903,123 Kent Ridge,01-01-2000,football
user1437,user1437@email.com,password123,91235904,123 Kent Ridge,01-01-2000,football
user1438,user1438@email.com,password123,91235905,123 Kent Ridge,01-01-2000,football
user1439,user1439@email.com,password123,91235906,123 Kent Ridge,01-01-2000,football
user1440,user1440@email.com,password123,91235907,123 Kent Ridge,01-01-2000,football
user1441,user1441@email.com,password123,91235908,123 Kent Ridge,01-01-2000,football
user1442,user1442@email.com,password123,91235909,123 Kent Ridge,01-01-2000,football
user1443,user1443@email.com,password123,91235910,123 Kent Ridge,01-01-2000,football
user1444,user1444@email.com,password123,91235911,123 Kent Ridge,01-01-2000,football
user1445,user1445@email.com,password123,91235912,123 Kent Ridge,01-01-2000,football
user1446,user1446@email.com,password123,91235913,123 Kent Ridge,01-01-2000,football
user1447,user1447@email.com,password123,91235914,123 Kent Ridge,01-01-2000,football
user1448,user1448@email.com,password123,91235915,123 Kent Ridge,01-01-2000,football
user1449,user1449@email.com,password123,91235916,123 Kent Ridge,01-01-2000,football
user1450,user1450@email.com,password123,91235917,123 Kent Ridge,01-01-2000,football
user1451,user1451@email.com,password123,91235918,123 Kent Ridge,01-01-2000,football
user1452,user1452@email.com,password123,91235919,123 Kent Ridge,01-01-2000,football
user1453,user1453@email.com,password123,91235920,123 Kent Ridge,01-01-2000,football
user1454,user1454@email.com,password123,91235921,123 Kent Ridge,01-01-2000,football
user1455,user1455@email.com,password123,91235922,123 Kent Ridge,01-01-2000,football
user1456,user1456@email.com,password123,91235923,123 Kent Ridge,01-01-2000,football
user1457,user1457@email.com,password123,91235924,123 Kent Ridge,01-01-2000,football
user1458,user1458@email.com,password123,91235925,123 Kent Ridge,01-01-2000,football
user1459,user1459@email.com,password123,91235926,123 Kent Ridge,01-01-2000,football
user1460,user1460@email.com,password123,91235927,123 Kent Ridge,01-01-2000,football
user1461,user1461@email.com,password123,91235928,123 Kent Ridge,01-01-2000,football
user1462,user1462@email.com,password123,91235929,123 Kent Ridge,01-01-2000,football
user1463,user1463@email.com,password123,91235930,123 Kent Ridge,01-01-2000,football
user1464,user1464@email.com,password123,91235931,123 Kent Ridge,01-01-2000,football
user1465,user1465@email.com,password123,91235932,123 Kent Ridge,01-01-2000,football
user1466,user1466@email.com,password123,91235933,123 Kent Ridge,01-01-2000,football
user1467,user1467@email.com,password123,91235934,123 Kent Ridge,01-01-2000,football
user1468,user1468@email.com,password123,91235935,123 Kent Ridge,01-01-2000,football
user1469,user1469@email.com,password123,91235936,123 Kent Ridge,01-01-2000,football
user1470,user1470@email.com,password123,91235937,123 Kent Ridge,01-01-2000,football
user1471,user1471@email.com,password123,91235938,123 Kent Ridge,01-01-2000,football
user1472,user1472@email.com,password123,91235939,123 Kent Ridge,01-01-2000,football
user1473,user1473@email.com,password123,91235940,123 Kent Ridge,01-01-2000,football
user1474,user1474@email.com,password123,91235941,123 Kent Ridge,01-01-2000,football
user1475,user1475@email.com,password123,91235942,123 Kent Ridge,01-01-2000,football
user1476,user1476@email.com,password123,91235943,123 Kent Ridge,01-01-2000,football
user1477,user1477@email.com,password123,91235944,123 Kent Ridge,01-01-2000,football
user1478,user1478@email.com,password123,91235945,123 Kent Ridge,01-01-2000,football
user1479,user1479@email.com,password123,91235946,123 Kent Ridge,01-01-2000,football
user1480,user1480@email.com,password123,91235947,123 Kent Ridge,01-01-2000,football
user1481,user1481@email.com,password123,91235948,123 Kent Ridge,01-01-2000,football
user1482,user1482@email.com,password123,91235949,123 Kent Ridge,01-01-2000,football
user1483,user1483@email.com,password123,91235950,123 Kent Ridge,01-01-2000,football
user1484,user1484@email.com,password123,91235951,123 Kent Ridge,01-01-2000,football
user1485,user1485@email.com,password123,91235952,123 Kent Ridge,01-01-2000,football
user1486,user1486@email.com,password123,91235953,123 Kent Ridge,01-01-2000,football
user1487,user1487@email.com,password123,91235954,123 Kent Ridge,01-01-2000,football
user1488,user1488@email.com,password123,91235955,123 Kent Ridge,01-01-2000,football
user1489,user1489@email.com,password123,91235956,123 Kent Ridge,01-01-2000,football
user1490,user1490@email.com,password123,91235957,123 Kent Ridge,01-01-2000,football
user1491,user1491@email.com,password123,91235958,123 Kent Ridge,01-01-2000,football
user1492,user1492@email.com,password123,91235959,123 Kent Ridge,01-01-2000,football
user1493,user1493@email.com,password123,91235960,123 Kent Ridge,01-01-2000,football
user1494,user1494@email.com,password123,91235961,123 Kent Ridge,01-01-2000,football
user1495,user1495@email.com,password123,91235962,123 Kent Ridge,01-01-2000,football
user1496,user1496@email.com,password123,91235963,123 Kent Ridge,01-01-2000,football
user1497,user1497@email.com,password123,91235964,123 Kent Ridge,01-01-2000,football
user1498,user1498@email.com,password123,91235965,123 Kent Ridge,01-01-2000,football
user1499,user1499@email.com,password123,91235966,123 Kent Ridge,01-01-2000,football
user1500,user1500@email.com,password123,91235967,123 Kent Ridge,01-01-2000,football
user1501,user1501@email.com,password123,91235968,123 Kent Ridge,01-01-2000,football
user1502,user1502@email.com,password123,91235969,123 Kent Ridge,01-01-2000,football
user1503,user1503@email.com,password123,91235970,123 Kent Ridge,01-01-2000,football
user1504,user1504@email.com,password123,91235971,123 Kent Ridge,01-01-2000,football
user1505,user1505@email.com,password123,91235972,123 Kent Ridge,01-01-2000,football
user1506,user1506@email.com,password123,91235973,123 Kent Ridge,01-01-2000,football
user1507,user1507@email.com,password123,91235974,123 Kent Ridge,01-01-2000,football
user1508,user1508@email.com,password123,91235975,123 Kent Ridge,01-01-2000,football
user1509,user1509@email.com,password123,91235976,123 Kent Ridge,01-01-2000,football
user1510,user1510@email.com,password123,91235977,123 Kent Ridge,01-01-2000,football
user1511,user1511@email.com,password123,91235978,123 Kent Ridge,01-01-2000,football
user1512,user1512@email.com,password123,91235979,123 Kent Ridge,01-01-2000,football
user1513,user1513@email.com,password123,91235980,123 Kent Ridge,01-01-2000,football
user1514,user1514@email.com,password123,91235981,123 Kent Ridge,01-01-2000,football
user1515,user1515@email.com,password123,91235982,123 Kent Ridge,01-01-2000,football
user1516,user1516@email.com,password123,91235983,123 Kent Ridge,01-01-2000,football
user1517,user1517@email.com,password123,91235984,123 Kent Ridge,01-01-2000,football
user1518,user1518@email.com,password123,91235985,123 Kent Ridge,01-01-2000,football
user1519,user1519@email.com,password123,91235986,123 Kent Ridge,01-01-2000,football
user1520,user1520@email.com,password123,91235987,123 Kent Ridge,01-01-2000,football
user1521,user1521@email.com,password123,91235988,123 Kent Ridge,01-01-2000,football
user1522,user1522@email.com,password123,91235989,123 Kent Ridge,01-01-2000,football
user1523,user1523@email.com,password123,91235990,123 Kent Ridge,01-01-2000,football
user1524,user1524@email.com,password123,91235991,123 Kent Ridge,01-01-2000,football
user1525,user1525@email.com,password123,91235992,123 Kent Ridge,01-01-2000,football
user1526,user1526@email.com,password123,91235993,123 Kent Ridge,01-01-2000,football
user1527,user1527@email.com,password123,91235994,123 Kent Ridge,01-01-2000,football
user1528,user1528@email.com,password123,91235995,123 Kent Ridge,01-01-2000,football
user1529,user1529@email.com,password123,91235996,123 Kent Ridge,01-01-2000,football
user1530,user1530@email.com,password123,91235997,123 Kent Ridge,01-01-2000,football
user1531,user1531@email.com,password123,91235998,123 Kent Ridge,01-01-2000,football
user1532,user1532@email.com,password123,91235999,123 Kent Ridge,01-01-2000,football
user1533,user1533@email.com,password123,91236000,123 Kent Ridge,01-01-2000,football
user1534,user1534@email.com,password123,91236001,123 Kent Ridge,01-01-2000,football
user1535,user1535@email.com,password123,91236002,123 Kent Ridge,01-01-2000,football
user1536,user1536@email.com,password123,91236003,123 Kent Ridge,01-01-2000,football
user1537,user1537@email.com,password123,91236004,123 Kent Ridge,01-01-2000,football
user1538,user1538@email.com,password123,91236005,123 Kent Ridge,01-01-2000,football
user1539,user1539@email.com,password123,91236006,123 Kent Ridge,01-01-2000,football
user1540,user1540@email.com,password123,91236007,123 Kent Ridge,01-01-2000,football
user1541,user1541@email.com,password123,91236008,123 Kent Ridge,01-01-2000,football
user1542,user1542@email.com,password123,91236009,123 Kent Ridge,01-01-2000,football
user1543,user1543@email.com,password123,91236010,123 Kent Ridge,01-01-2000,football
user1544,user1544@email.com,password123,91236011,123 Kent Ridge,01-01-2000,football
user1545,user1545@email.com,password123,91236012,123 Kent Ridge,01-01-2000,football
user1546,user1546@email.com,password123,91236013,123 Kent Ridge,01-01-2000,football
user1547,user1547@email.com,password123,91236014,123 Kent Ridge,01-01-2000,football
user1548,user1548@email.com,password123,91236015,123 Kent Ridge,01-01-2000,football
user1549,user1549@email.com,password123,91236016,123 Kent Ridge,01-01-2000,football
user1550,user1550@email.com,password123,91236017,123 Kent Ridge,01-01-2000,football
user1551,user1551@email.com,password123,91236018,123 Kent Ridge,01-01-2000,football
user1552,user1552@email.com,password123,91236019,123 Kent Ridge,01-01-2000,football
user1553,user1553@email.com,password123,91236020,123 Kent Ridge,01-01-2000,football
user1554,user1554@email.com,password123,91236021,123 Kent Ridge,01-01-2000,football
user1555,user1555@email.com,password123,91236022,123 Kent Ridge,01-01-2000,football
user1556,user1556@email.com,password123,91236023,123 Kent Ridge,01-01-2000,football
user1557,user1557@email.com,password123,91236024,123 Kent Ridge,01-01-2000,football
user1558,user1558@email.com,password123,91236025,123 Kent Ridge,01-01-2000,football
user1559,user1559@email.com,password123,91236026,123 Kent Ridge,01-01-2000,football
user1560,user1560@email.com,password123,91236027,123 Kent Ridge,01-01-2000,football
user1561,user1561@email.com,password123,91236028,123 Kent Ridge,01-01-2000,football
user1562,user1562@email.com,password123,91236029,123 Kent Ridge,01-01-2000,football
user1563,user1563@email.com,password123,91236030,123 Kent Ridge,01-01-2000,football
user1564,user1564@email.com,password123,91236031,123 Kent Ridge,01-01-2000,football
user1565,user1565@email.com,password123,91236032,123 Kent Ridge,01-01-2000,football
user1566,user1566@email.com,password123,91236033,123 Kent Ridge,01-01-2000,football
user1567,user1567@email.com,password123,91236034,123 Kent Ridge,01-01-2000,football
user1568,user1568@email.com,password123,91236035,123 Kent Ridge,01-01-2000,football
user1569,user1569@email.com,password123,91236036,123 Kent Ridge,01-01-2000,football
user1570,user1570@email.com,password123,91236037,123 Kent Ridge,01-01-2000,football
user1571,user1571@email.com,password123,91236038,123 Kent Ridge,01-01-2000,football
user1572,user1572@email.com,password123,91236039,123 Kent Ridge,01-01-2000,football
user1573,user1573@email.com,password123,91236040,123 Kent Ridge,01-01-2000,football
user1574,user1574@email.com,password123,91236041,123 Kent Ridge,01-01-2000,football
user1575,user1575@email.com,password123,91236042,123 Kent Ridge,01-01-2000,football
user1576,user1576@email.com,password123,91236043,123 Kent Ridge,01-01-2000,football
user1577,user1577@email.com,password123,91236044,123 Kent Ridge,01-01-2000,football
user1578,user1578@email.com,password123,91236045,123 Kent Ridge,01-01-2000,football
user1579,user1579@email.com,password123,91236046,123 Kent Ridge,01-01-2000,football
user1580,user1580@email.com,password123,91236047,123 Kent Ridge,01-01-2000,football
user1581,user1581@email.com,password123,91236048,123 Kent Ridge,01-01-2000,football
user1582,user1582@email.com,password123,91236049,123 Kent Ridge,01-01-2000,football
user1583,user1583@email.com,password123,91236050,123 Kent Ridge,01-01-2000,football
user1584,user1584@email.com,password123,91236051,123 Kent Ridge,01-01-2000,football
user1585,user1585@email.com,password123,91236052,123 Kent Ridge,01-01-2000,football
user1586,user1586@email.com,password123,91236053,123 Kent Ridge,01-01-2000,football
user1587,user1587@email.com,password123,91236054,123 Kent Ridge,01-01-2000,football
user1588,user1588@email.com,password123,91236055,123 Kent Ridge,01-01-2000,football
user1589,user1589@email.com,password123,91236056,123 Kent Ridge,01-01-2000,football
user1590,user1590@email.com,password123,91236057,123 Kent Ridge,01-01-2000,football
user1591,user1591@email.com,password123,91236058,123 Kent Ridge,01-01-2000,football
user1592,user1592@email.com,password123,91236059,123 Kent Ridge,01-01-2000,football
user1593,user1593@email.com,password123,91236060,123 Kent Ridge,01-01-2000,football
user1594,user1594@email.com,password123,91236061,123 Kent Ridge,01-01-2000,football
user1595,user1595@email.com,password123,91236062,123 Kent Ridge,01-01-2000,football
user1596,user1596@email.com,password123,91236063,123 Kent Ridge,01-01-2000,football
user1597,user1597@email.com,password123,91236064,123 Kent Ridge,01-01-2000,football
user1598,user1598@email.com,password123,91236065,123 Kent Ridge,01-01-2000,football
user1599,user1599@email.com,password123,91236066,123 Kent Ridge,01-01-2000,football
user1600,user1600@email.com,password123,91236067,123 Kent Ridge,01-01-2000,football
user1601,user1601@email.com,password123,91236068,123 Kent Ridge,01-01-2000,football
user1602,user1602@email.com,password123,91236069,123 Kent Ridge,01-01-2000,football
user1603,user1603@email.com,password123,91236070,123 Kent Ridge,01-01-2000,football
user1604,user1604@email.com,password123,91236071,123 Kent Ridge,01-01-2000,football
user1605,user1605@email.com,password123,91236072,123 Kent Ridge,01-01-2000,football
user1606,user1606@email.com,password123,91236073,123 Kent Ridge,01-01-2000,football
user1607,user1607@email.com,password123,91236074,123 Kent Ridge,01-01-2000,football
user1608,user1608@email.com,password123,91236075,123 Kent Ridge,01-01-2000,football
user1609,user1609@email.com,password123,91236076,123 Kent Ridge,01-01-2000,football
user1610,user1610@email.com,password123,91236077,123 Kent Ridge,01-01-2000,football
user1611,user1611@email.com,password123,91236078,123 Kent Ridge,01-01-2000,football
user1612,user1612@email.com,password123,91236079,123 Kent Ridge,01-01-2000,football
user1613,user1613@email.com,password123,91236080,123 Kent Ridge,01-01-2000,football
user1614,user1614@email.com,password123,91236081,123 Kent Ridge,01-01-2000,football
user1615,user1615@email.com,password123,91236082,123 Kent Ridge,01-01-2000,football
user1616,user1616@email.com,password123,91236083,123 Kent Ridge,01-01-2000,football
user1617,user1617@email.com,password123,91236084,123 Kent Ridge,01-01-2000,football
user1618,user1618@email.com,password123,91236085,123 Kent Ridge,01-01-2000,football
user1619,user1619@email.com,password123,91236086,123 Kent Ridge,01-01-2000,football
user1620,user1620@email.com,password123,91236087,123 Kent Ridge,01-01-2000,football
user1621,user1621@email.com,password123,91236088,123 Kent Ridge,01-01-2000,football
user1622,user1622@email.com,password123,91236089,123 Kent Ridge,01-01-2000,football
user1623,user1623@email.com,password123,91236090,123 Kent Ridge,01-01-2000,football
user1624,user1624@email.com,password123,91236091,123 Kent Ridge,01-01-2000,football
user1625,user1625@email.com,password123,91236092,123 Kent Ridge,01-01-2000,football
user1626,user1626@email.com,password123,91236093,123 Kent Ridge,01-01-2000,football
user1627,user1627@email.com,password123,91236094,123 Kent Ridge,01-01-2000,football
user1628,user1628@email.com,password123,91236095,123 Kent Ridge,01-01-2000,football
user1629,user1629@email.com,password123,91236096,123 Kent Ridge,01-01-2000,football
user1630,user1630@email.com,password123,91236097,123 Kent Ridge,01-01-2000,football
user1631,user1631@email.com,password123,91236098,123 Kent Ridge,01-01-2000,football
user1632,user1632@email.com,password123,91236099,123 Kent Ridge,01-01-2000,football
user1633,user1633@email.com,password123,91236100,123 Kent Ridge,01-01-2000,football
user1634,user1634@email.com,password123,91236101,123 Kent Ridge,01-01-2000,football
user1635,user1635@email.com,password123,91236102,123 Kent Ridge,01-01-2000,football
user1636,user1636@email.com,password123,91236103,123 Kent Ridge,01-01-2000,football
user1637,user1637@email.com,password123,91236104,123 Kent Ridge,01-01-2000,football
user1638,user1638@email.com,password123,91236105,123 Kent Ridge,01-01-2000,football
user1639,user1639@email.com,password123,91236106,123 Kent Ridge,01-01-2000,football
user1640,user1640@email.com,password123,91236107,123 Kent Ridge,01-01-2000,football
user1641,user1641@email.com,password123,91236108,123 Kent Ridge,01-01-2000,football
user1642,user1642@email.com,password123,91236109,123 Kent Ridge,01-01-2000,football
user1643,user1643@email.com,password123,91236110,123 Kent Ridge,01-01-2000,football
user1644,user1644@email.com,password123,91236111,123 Kent Ridge,01-01-2000,football
user1645,user1645@email.com,password123,91236112,123 Kent Ridge,01-01-2000,football
user1646,user1646@email.com,password123,91236113,123 Kent Ridge,01-01-2000,football
user1647,user1647@email.com,password123,91236114,123 Kent Ridge,01-01-2000,football
user1648,user1648@email.com,password123,91236115,123 Kent Ridge,01-01-2000,football
user1649,user1649@email.com,password123,91236116,123 Kent Ridge,01-01-2000,football
user1650,user1650@email.com,password123,91236117,123 Kent Ridge,01-01-2000,football
user1651,user1651@email.com,password123,91236118,123 Kent Ridge,01-01-2000,football
user1652,user1652@email.com,password123,91236119,123 Kent Ridge,01-01-2000,football
user1653,user1653@email.com,password123,91236120,123 Kent Ridge,01-01-2000,football
user1654,user1654@email.com,password123,91236121,123 Kent Ridge,01-01-2000,football
user1655,user1655@email.com,password123,91236122,123 Kent Ridge,01-01-2000,football
user1656,user1656@email.com,password123,91236123,123 Kent Ridge,01-01-2000,football
user1657,user1657@email.com,password123,91236124,123 Kent Ridge,01-01-2000,football
user1658,user1658@email.com,password123,91236125,123 Kent Ridge,01-01-2000,football
user1659,user1659@email.com,password123,91236126,123 Kent Ridge,01-01-2000,football
user1660,user1660@email.com,password123,91236127,123 Kent Ridge,01-01-2000,football
user1661,user1661@email.com,password123,91236128,123 Kent Ridge,01-01-2000,football
user1662,user1662@email.com,password123,91236129,123 Kent Ridge,01-01-2000,football
user1663,user1663@email.com,password123,91236130,123 Kent Ridge,01-01-2000,football
user1664,user1664@email.com,password123,91236131,123 Kent Ridge,01-01-2000,football
user1665,user1665@email.com,password123,91236132,123 Kent Ridge,01-01-2000,football
user1666,user1666@email.com,password123,91236133,123 Kent Ridge,01-01-2000,football
user1667,user1667@email.com,password123,91236134,123 Kent Ridge,01-01-2000,football
user1668,user1668@email.com,password123,91236135,123 Kent Ridge,01-01-2000,football
user1669,user1669@email.com,password123,91236136,123 Kent Ridge,01-01-2000,football
user1670,user1670@email.com,password123,91236137,123 Kent Ridge,01-01-2000,football
user1671,user1671@email.com,password123,91236138,123 Kent Ridge,01-01-2000,football
user1672,user1672@email.com,password123,91236139,123 Kent Ridge,01-01-2000,football
user1673,user1673@email.com,password123,91236140,123 Kent Ridge,01-01-2000,football
user1674,user1674@email.com,password123,91236141,123 Kent Ridge,01-01-2000,football
user1675,user1675@email.com,password123,91236142,123 Kent Ridge,01-01-2000,football
user1676,user1676@email.com,password123,91236143,123 Kent Ridge,01-01-2000,football
user1677,user1677@email.com,password123,91236144,123 Kent Ridge,01-01-2000,football
user1678,user1678@email.com,password123,91236145,123 Kent Ridge,01-01-2000,football
user1679,user1679@email.com,password123,91236146,123 Kent Ridge,01-01-2000,football
user1680,user1680@email.com,password123,91236147,123 Kent Ridge,01-01-2000,football
user1681,user1681@email.com,password123,91236148,123 Kent Ridge,01-01-2000,football
user1682,user1682@email.com,password123,91236149,123 Kent Ridge,01-01-2000,football
user1683,user1683@email.com,password123,91236150,123 Kent Ridge,01-01-2000,football
user1684,user1684@email.com,password123,91236151,123 Kent Ridge,01-01-2000,football
user1685,user1685@email.com,password123,91236152,123 Kent Ridge,01-01-2000,football
user1686,user1686@email.com,password123,91236153,123 Kent Ridge,01-01-2000,football
user1687,user1687@email.com,password123,91236154,123 Kent Ridge,01-01-2000,football
user1688,user1688@email.com,password123,91236155,123 Kent Ridge,01-01-2000,football
user1689,user1689@email.com,password123,91236156,123 Kent Ridge,01-01-2000,football
user1690,user1690@email.com,password123,91236157,123 Kent Ridge,01-01-2000,football
user1691,user1691@email.com,password123,91236158,123 Kent Ridge,01-01-2000,football
user1692,user1692@email.com,password123,91236159,123 Kent Ridge,01-01-2000,football
user1693,user1693@email.com,password123,91236160,123 Kent Ridge,01-01-2000,football
user1694,user1694@email.com,password123,91236161,123 Kent Ridge,01-01-2000,football
user1695,user1695@email.com,password123,91236162,123 Kent Ridge,01-01-2000,football
user1696,user1696@email.com,password123,91236163,123 Kent Ridge,01-01-2000,football
user1697,user1697@email.com,password123,91236164,123 Kent Ridge,01-01-2000,football
user1698,user1698@email.com,password123,91236165,123 Kent Ridge,01-01-2000,football
user1699,user1699@email.com,password123,91236166,123 Kent Ridge,01-01-2000,football
user1700,user1700@email.com,password123,91236167,123 Kent Ridge,01-01-2000,football
user1701,user1701@email.com,password123,91236168,123 Kent Ridge,01-01-2000,football
user1702,user1702@email.com,password123,91236169,123 Kent Ridge,01-01-2000,football
user1703,user1703@email.com,password123,91236170,123 Kent Ridge,01-01-2000,football
user1704,user1704@email.com,password123,91236171,123 Kent Ridge,01-01-2000,football
user1705,user1705@email.com,password123,91236172,123 Kent Ridge,01-01-2000,football
user1706,user1706@email.com,password123,91236173,123 Kent Ridge,01-01-2000,football
user1707,user1707@email.com,password123,91236174,123 Kent Ridge,01-01-2000,football
user1708,user1708@email.com,password123,91236175,123 Kent Ridge,01-01-2000,football
user1709,user1709@email.com,password123,91236176,123 Kent Ridge,01-01-2000,football
user1710,user1710@email.com,password123,91236177,123 Kent Ridge,01-01-2000,football
user1711,user1711@email.com,password123,91236178,123 Kent Ridge,01-01-2000,football
user1712,user1712@email.com,password123,91236179,123 Kent Ridge,01-01-2000,football
user1713,user1713@email.com,password123,91236180,123 Kent Ridge,01-01-2000,football
user1714,user1714@email.com,password123,91236181,123 Kent Ridge,01-01-2000,football
user1715,user1715@email.com,password123,91236182,123 Kent Ridge,01-01-2000,football
user1716,user1716@email.com,password123,91236183,123 Kent Ridge,01-01-2000,football
user1717,user1717@email.com,password123,91236184,123 Kent Ridge,01-01-2000,football
user1718,user1718@email.com,password123,91236185,123 Kent Ridge,01-01-2000,football
user1719,user1719@email.com,password123,91236186,123 Kent Ridge,01-01-2000,football
user1720,user1720@email.com,password123,91236187,123 Kent Ridge,01-01-2000,football
user1721,user1721@email.com,password123,91236188,123 Kent Ridge,01-01-2000,football
user1722,user1722@email.com,password123,91236189,123 Kent Ridge,01-01-2000,football
user1723,user1723@email.com,password123,91236190,123 Kent Ridge,01-01-2000,football
user1724,user1724@email.com,password123,91236191,123 Kent Ridge,01-01-2000,football
user1725,user1725@email.com,password123,91236192,123 Kent Ridge,01-01-2000,football
user1726,user1726@email.com,password123,91236193,123 Kent Ridge,01-01-2000,football
user1727,user1727@email.com,password123,91236194,123 Kent Ridge,01-01-2000,football
user1728,user1728@email.com,password123,91236195,123 Kent Ridge,01-01-2000,football
user1729,user1729@email.com,password123,91236196,123 Kent Ridge,01-01-2000,football
user1730,user1730@email.com,password123,91236197,123 Kent Ridge,01-01-2000,football
user1731,user1731@email.com,password123,91236198,123 Kent Ridge,01-01-2000,football
user1732,user1732@email.com,password123,91236199,123 Kent Ridge,01-01-2000,football
user1733,user1733@email.com,password123,91236200,123 Kent Ridge,01-01-2000,football
user1734,user1734@email.com,password123,91236201,123 Kent Ridge,01-01-2000,football
user1735,user1735@email.com,password123,91236202,123 Kent Ridge,01-01-2000,football
user1736,user1736@email.com,password123,91236203,123 Kent Ridge,01-01-2000,football
user1737,user1737@email.com,password123,91236204,123 Kent Ridge,01-01-2000,football
user1738,user1738@email.com,password123,91236205,123 Kent Ridge,01-01-2000,football
user1739,user1739@email.com,password123,91236206,123 Kent Ridge,01-01-2000,football
user1740,user1740@email.com,password123,91236207,123 Kent Ridge,01-01-2000,football
user1741,user1741@email.com,password123,91236208,123 Kent Ridge,01-01-2000,football
user1742,user1742@email.com,password123,91236209,123 Kent Ridge,01-01-2000,football
user1743,user1743@email.com,password123,91236210,123 Kent Ridge,01-01-2000,football
user1744,user1744@email.com,password123,91236211,123 Kent Ridge,01-01-2000,football
user1745,user1745@email.com,password123,91236212,123 Kent Ridge,01-01-2000,football
user1746,user1746@email.com,password123,91236213,123 Kent Ridge,01-01-2000,football
user1747,user1747@email.com,password123,91236214,123 Kent Ridge,01-01-2000,football
user1748,user1748@email.com,password123,91236215,123 Kent Ridge,01-01-2000,football
user1749,user1749@email.com,password123,91236216,123 Kent Ridge,01-01-2000,football
user1750,user1750@email.com,password123,91236217,123 Kent Ridge,01-01-2000,football
user1751,user1751@email.com,password123,91236218,123 Kent Ridge,01-01-2000,football
user1752,user1752@email.com,password123,91236219,123 Kent Ridge,01-01-2000,football
user1753,user1753@email.com,password123,91236220,123 Kent Ridge,01-01-2000,football
user1754,user1754@email.com,password123,91236221,123 Kent Ridge,01-01-2000,football
user1755,user1755@email.com,password123,91236222,123 Kent Ridge,01-01-2000,football
user1756,user1756@email.com,password123,91236223,123 Kent Ridge,01-01-2000,football
user1757,user1757@email.com,password123,91236224,123 Kent Ridge,01-01-2000,football
user1758,user1758@email.com,password123,91236225,123 Kent Ridge,01-01-2000,football
user1759,user1759@email.com,password123,91236226,123 Kent Ridge,01-01-2000,football
user1760,user1760@email.com,password123,91236227,123 Kent Ridge,01-01-2000,football
user1761,user1761@email.com,password123,91236228,123 Kent Ridge,01-01-2000,football
user1762,user1762@email.com,password123,91236229,123 Kent Ridge,01-01-2000,football
user1763,user1763@email.com,password123,91236230,123 Kent Ridge,01-01-2000,football
user1764,user1764@email.com,password123,91236231,123 Kent Ridge,01-01-2000,football
user1765,user1765@email.com,password123,91236232,123 Kent Ridge,01-01-2000,football
user1766,user1766@email.com,password123,91236233,123 Kent Ridge,01-01-2000,football
user1767,user1767@email.com,password123,91236234,123 Kent Ridge,01-01-2000,football
user1768,user1768@email.com,password123,91236235,123 Kent Ridge,01-01-2000,football
user1769,user1769@email.com,password123,91236236,123 Kent Ridge,01-01-2000,football
user1770,user1770@email.com,password123,91236237,123 Kent Ridge,01-01-2000,football
user1771,user1771@email.com,password123,91236238,123 Kent Ridge,01-01-2000,football
user1772,user1772@email.com,password123,91236239,123 Kent Ridge,01-01-2000,football
user1773,user1773@email.com,password123,91236240,123 Kent Ridge,01-01-2000,football
user1774,user1774@email.com,password123,91236241,123 Kent Ridge,01-01-2000,football
user1775,user1775@email.com,password123,91236242,123 Kent Ridge,01-01-2000,football
user1776,user1776@email.com,password123,91236243,123 Kent Ridge,01-01-2000,football
user1777,user1777@email.com,password123,91236244,123 Kent Ridge,01-01-2000,football
user1778,user1778@email.com,password123,91236245,123 Kent Ridge,01-01-2000,football
user1779,user1779@email.com,password123,91236246,123 Kent Ridge,01-01-2000,football
user1780,user1780@email.com,password123,91236247,123 Kent Ridge,01-01-2000,football
user1781,user1781@email.com,password123,91236248,123 Kent Ridge,01-01-2000,football
user1782,user1782@email.com,password123,91236249,123 Kent Ridge,01-01-2000,football
user1783,user1783@email.com,password123,91236250,123 Kent Ridge,01-01-2000,football
user1784,user1784@email.com,password123,91236251,123 Kent Ridge,01-01-2000,football
user1785,user1785@email.com,password123,91236252,123 Kent Ridge,01-01-2000,football
user1786,user1786@email.com,password123,91236253,123 Kent Ridge,01-01-2000,football
user1787,user1787@email.com,password123,91236254,123 Kent Ridge,01-01-2000,football
user1788,user1788@email.com,password123,91236255,123 Kent Ridge,01-01-2000,football
user1789,user1789@email.com,password123,91236256,123 Kent Ridge,01-01-2000,football
user1790,user1790@email.com,password123,91236257,123 Kent Ridge,01-01-2000,football
user1791,user1791@email.com,password123,91236258,123 Kent Ridge,01-01-2000,football
user1792,user1792@email.com,password123,91236259,123 Kent Ridge,01-01-2000,football
user1793,user1793@email.com,password123,91236260,123 Kent Ridge,01-01-2000,football
user1794,user1794@email.com,password123,91236261,123 Kent Ridge,01-01-2000,football
user1795,user1795@email.com,password123,91236262,123 Kent Ridge,01-01-2000,football
user1796,user1796@email.com,password123,91236263,123 Kent Ridge,01-01-2000,football
user1797,user1797@email.com,password123,91236264,123 Kent Ridge,01-01-2000,football
user1798,user1798@email.com,password123,91236265,123 Kent Ridge,01-01-2000,football
user1799,user1799@email.com,password123,91236266,123 Kent Ridge,01-01-2000,football
user1800,user1800@email.com,password123,91236267,123 Kent Ridge,01-01-2000,football
user1801,user1801@email.com,password123,91236268,123 Kent Ridge,01-01-2000,football
user1802,user1802@email.com,password123,91236269,123 Kent Ridge,01-01-2000,football
user1803,user1803@email.com,password123,91236270,123 Kent Ridge,01-01-2000,football
user1804,user1804@email.com,password123,91236271,123 Kent Ridge,01-01-2000,football
user1805,user1805@email.com,password123,91236272,123 Kent Ridge,01-01-2000,football
user1806,user1806@email.com,password123,91236273,123 Kent Ridge,01-01-2000,football
user1807,user1807@email.com,password123,91236274,123 Kent Ridge,01-01-2000,football
user1808,user1808@email.com,password123,91236275,123 Kent Ridge,01-01-2000,football
user1809,user1809@email.com,password123,91236276,123 Kent Ridge,01-01-2000,football
user1810,user1810@email.com,password123,91236277,123 Kent Ridge,01-01-2000,football
user1811,user1811@email.com,password123,91236278,123 Kent Ridge,01-01-2000,football
user1812,user1812@email.com,password123,91236279,123 Kent Ridge,01-01-2000,football
user1813,user1813@email.com,password123,91236280,123 Kent Ridge,01-01-2000,football
user1814,user1814@email.com,password123,91236281,123 Kent Ridge,01-01-2000,football
user1815,user1815@email.com,password123,91236282,123 Kent Ridge,01-01-2000,football
user1816,user1816@email.com,password123,91236283,123 Kent Ridge,01-01-2000,football
user1817,user1817@email.com,password123,91236284,123 Kent Ridge,01-01-2000,football
user1818,user1818@email.com,password123,91236285,123 Kent Ridge,01-01-2000,football
user1819,user1819@email.com,password123,91236286,123 Kent Ridge,01-01-2000,football
user1820,user1820@email.com,password123,91236287,123 Kent Ridge,01-01-2000,football
user1821,user1821@email.com,password123,91236288,123 Kent Ridge,01-01-2000,football
user1822,user1822@email.com,password123,91236289,123 Kent Ridge,01-01-2000,football
user1823,user1823@email.com,password123,91236290,123 Kent Ridge,01-01-2000,football
user1824,user1824@email.com,password123,91236291,123 Kent Ridge,01-01-2000,football
user1825,user1825@email.com,password123,91236292,123 Kent Ridge,01-01-2000,football
user1826,user1826@email.com,password123,91236293,123 Kent Ridge,01-01-2000,football
user1827,user1827@email.com,password123,91236294,123 Kent Ridge,01-01-2000,football
user1828,user1828@email.com,password123,91236295,123 Kent Ridge,01-01-2000,football
user1829,user1829@email.com,password123,91236296,123 Kent Ridge,01-01-2000,football
user1830,user1830@email.com,password123,91236297,123 Kent Ridge,01-01-2000,football
user1831,user1831@email.com,password123,91236298,123 Kent Ridge,01-01-2000,football
user1832,user1832@email.com,password123,91236299,123 Kent Ridge,01-01-2000,football
user1833,user1833@email.com,password123,91236300,123 Kent Ridge,01-01-2000,football
user1834,user1834@email.com,password123,91236301,123 Kent Ridge,01-01-2000,football
user1835,user1835@email.com,password123,91236302,123 Kent Ridge,01-01-2000,football
user1836,user1836@email.com,password123,91236303,123 Kent Ridge,01-01-2000,football
user1837,user1837@email.com,password123,91236304,123 Kent Ridge,01-01-2000,football
user1838,user1838@email.com,password123,91236305,123 Kent Ridge,01-01-2000,football
user1839,user1839@email.com,password123,91236306,123 Kent Ridge,01-01-2000,football
user1840,user1840@email.com,password123,91236307,123 Kent Ridge,01-01-2000,football
user1841,user1841@email.com,password123,91236308,123 Kent Ridge,01-01-2000,football
user1842,user1842@email.com,password123,91236309,123 Kent Ridge,01-01-2000,football
user1843,user1843@email.com,password123,91236310,123 Kent Ridge,01-01-2000,football
user1844,user1844@email.com,password123,91236311,123 Kent Ridge,01-01-2000,football
user1845,user1845@email.com,password123,91236312,123 Kent Ridge,01-01-2000,football
user1846,user1846@email.com,password123,91236313,123 Kent Ridge,01-01-2000,football
user1847,user1847@email.com,password123,91236314,123 Kent Ridge,01-01-2000,football
user1848,user1848@email.com,password123,91236315,123 Kent Ridge,01-01-2000,football
user1849,user1849@email.com,password123,91236316,123 Kent Ridge,01-01-2000,football
user1850,user1850@email.com,password123,91236317,123 Kent Ridge,01-01-2000,football
user1851,user1851@email.com,password123,91236318,123 Kent Ridge,01-01-2000,football
user1852,user1852@email.com,password123,91236319,123 Kent Ridge,01-01-2000,football
user1853,user1853@email.com,password123,91236320,123 Kent Ridge,01-01-2000,football
user1854,user1854@email.com,password123,91236321,123 Kent Ridge,01-01-2000,football
user1855,user1855@email.com,password123,91236322,123 Kent Ridge,01-01-2000,football
user1856,user1856@email.com,password123,91236323,123 Kent Ridge,01-01-2000,football
user1857,user1857@email.com,password123,91236324,123 Kent Ridge,01-01-2000,football
user1858,user1858@email.com,password123,91236325,123 Kent Ridge,01-01-2000,football
user1859,user1859@email.com,password123,91236326,123 Kent Ridge,01-01-2000,football
user1860,user1860@email.com,password123,91236327,123 Kent Ridge,01-01-2000,football
user1861,user1861@email.com,password123,91236328,123 Kent Ridge,01-01-2000,football
user1862,user1862@email.com,password123,91236329,123 Kent Ridge,01-01-2000,football
user1863,user1863@email.com,password123,91236330,123 Kent Ridge,01-01-2000,football
user1864,user1864@email.com,password123,91236331,123 Kent Ridge,01-01-2000,football
user1865,user1865@email.com,password123,91236332,123 Kent Ridge,01-01-2000,football
user1866,user1866@email.com,password123,91236333,123 Kent Ridge,01-01-2000,football
user1867,user1867@email.com,password123,91236334,123 Kent Ridge,01-01-2000,football
user1868,user1868@email.com,password123,91236335,123 Kent Ridge,01-01-2000,football
user1869,user1869@email.com,password123,91236336,123 Kent Ridge,01-01-2000,football
user1870,user1870@email.com,password123,91236337,123 Kent Ridge,01-01-2000,football
user1871,user1871@email.com,password123,91236338,123 Kent Ridge,01-01-2000,football
user1872,user1872@email.com,password123,91236339,123 Kent Ridge,01-01-2000,football
user1873,user1873@email.com,password123,91236340,123 Kent Ridge,01-01-2000,football
user1874,user1874@email.com,password123,91236341,123 Kent Ridge,01-01-2000,football
user1875,user1875@email.com,password123,91236342,123 Kent Ridge,01-01-2000,football
user1876,user1876@email.com,password123,91236343,123 Kent Ridge,01-01-2000,football
user1877,user1877@email.com,password123,91236344,123 Kent Ridge,01-01-2000,football
user1878,user1878@email.com,password123,91236345,123 Kent Ridge,01-01-2000,football
user1879,user1879@email.com,password123,91236346,123 Kent Ridge,01-01-2000,football
user1880,user1880@email.com,password123,91236347,123 Kent Ridge,01-01-2000,football
user1881,user1881@email.com,password123,91236348,123 Kent Ridge,01-01-2000,football
user1882,user1882@email.com,password123,91236349,123 Kent Ridge,01-01-2000,football
user1883,user1883@email.com,password123,91236350,123 Kent Ridge,01-01-2000,football
user1884,user1884@email.com,password123,91236351,123 Kent Ridge,01-01-2000,football
user1885,user1885@email.com,password123,91236352,123 Kent Ridge,01-01-2000,football
user1886,user1886@email.com,password123,91236353,123 Kent Ridge,01-01-2000,football
user1887,user1887@email.com,password123,91236354,123 Kent Ridge,01-01-2000,football
user1888,user1888@email.com,password123,91236355,123 Kent Ridge,01-01-2000,football
user1889,user1889@email.com,password123,91236356,123 Kent Ridge,01-01-2000,football
user1890,user1890@email.com,password123,91236357,123 Kent Ridge,01-01-2000,football
user1891,user1891@email.com,password123,91236358,123 Kent Ridge,01-01-2000,football
user1892,user1892@email.com,password123,91236359,123 Kent Ridge,01-01-2000,football
user1893,user1893@email.com,password123,91236360,123 Kent Ridge,01-01-2000,football
user1894,user1894@email.com,password123,91236361,123 Kent Ridge,01-01-2000,football
user1895,user1895@email.com,password123,91236362,123 Kent Ridge,01-01-2000,football
user1896,user1896@email.com,password123,91236363,123 Kent Ridge,01-01-2000,football
user1897,user1897@email.com,password123,91236364,123 Kent Ridge,01-01-2000,football
user1898,user1898@email.com,password123,91236365,123 Kent Ridge,01-01-2000,football
user1899,user1899@email.com,password123,91236366,123 Kent Ridge,01-01-2000,football
user1900,user1900@email.com,password123,91236367,123 Kent Ridge,01-01-2000,football
user1901,user1901@email.com,password123,91236368,123 Kent Ridge,01-01-2000,football
user1902,user1902@email.com,password123,91236369,123 Kent Ridge,01-01-2000,football
user1903,user1903@email.com,password123,91236370,123 Kent Ridge,01-01-2000,football
user1904,user1904@email.com,password123,91236371,123 Kent Ridge,01-01-2000,football
user1905,user1905@email.com,password123,91236372,123 Kent Ridge,01-01-2000,football
user1906,user1906@email.com,password123,91236373,123 Kent Ridge,01-01-2000,football
user1907,user1907@email.com,password123,91236374,123 Kent Ridge,01-01-2000,football
user1908,user1908@email.com,password123,91236375,123 Kent Ridge,01-01-2000,football
user1909,user1909@email.com,password123,91236376,123 Kent Ridge,01-01-2000,football
user1910,user1910@email.com,password123,91236377,123 Kent Ridge,01-01-2000,football
user1911,user1911@email.com,password123,91236378,123 Kent Ridge,01-01-2000,football
user1912,user1912@email.com,password123,91236379,123 Kent Ridge,01-01-2000,football
user1913,user1913@email.com,password123,91236380,123 Kent Ridge,01-01-2000,football
user1914,user1914@email.com,password123,91236381,123 Kent Ridge,01-01-2000,football
user1915,user1915@email.com,password123,91236382,123 Kent Ridge,01-01-2000,football
user1916,user1916@email.com,password123,91236383,123 Kent Ridge,01-01-2000,football
user1917,user1917@email.com,password123,91236384,123 Kent Ridge,01-01-2000,football
user1918,user1918@email.com,password123,91236385,123 Kent Ridge,01-01-2000,football
user1919,user1919@email.com,password123,91236386,123 Kent Ridge,01-01-2000,football
user1920,user1920@email.com,password123,91236387,123 Kent Ridge,01-01-2000,football
user1921,user1921@email.com,password123,91236388,123 Kent Ridge,01-01-2000,football
user1922,user1922@email.com,password123,91236389,123 Kent Ridge,01-01-2000,football
user1923,user1923@email.com,password123,91236390,123 Kent Ridge,01-01-2000,football
user1924,user1924@email.com,password123,91236391,123 Kent Ridge,01-01-2000,football
user1925,user1925@email.com,password123,91236392,123 Kent Ridge,01-01-2000,football
user1926,user1926@email.com,password123,91236393,123 Kent Ridge,01-01-2000,football
user1927,user1927@email.com,password123,91236394,123 Kent Ridge,01-01-2000,football
user1928,user1928@email.com,password123,91236395,123 Kent Ridge,01-01-2000,football
user1929,user1929@email.com,password123,91236396,123 Kent Ridge,01-01-2000,football
user1930,user1930@email.com,password123,91236397,123 Kent Ridge,01-01-2000,football
user1931,user1931@email.com,password123,91236398,123 Kent Ridge,01-01-2000,football
user1932,user1932@email.com,password123,91236399,123 Kent Ridge,01-01-2000,football
user1933,user1933@email.com,password123,91236400,123 Kent Ridge,01-01-2000,football
user1934,user1934@email.com,password123,91236401,123 Kent Ridge,01-01-2000,football
user1935,user1935@email.com,password123,91236402,123 Kent Ridge,01-01-2000,football
user1936,user1936@email.com,password123,91236403,123 Kent Ridge,01-01-2000,football
user1937,user1937@email.com,password123,91236404,123 Kent Ridge,01-01-2000,football
user1938,user1938@email.com,password123,91236405,123 Kent Ridge,01-01-2000,football
user1939,user1939@email.com,password123,91236406,123 Kent Ridge,01-01-2000,football
user1940,user1940@email.com,password123,91236407,123 Kent Ridge,01-01-2000,football
user1941,user1941@email.com,password123,91236408,123 Kent Ridge,01-01-2000,football
user1942,user1942@email.com,password123,91236409,123 Kent Ridge,01-01-2000,football
user1943,user1943@email.com,password123,91236410,123 Kent Ridge,01-01-2000,football
user1944,user1944@email.com,password123,91236411,123 Kent Ridge,01-01-2000,football
user1945,user1945@email.com,password123,91236412,123 Kent Ridge,01-01-2000,football
user1946,user1946@email.com,password123,91236413,123 Kent Ridge,01-01-2000,football
user1947,user1947@email.com,password123,91236414,123 Kent Ridge,01-01-2000,football
user1948,user1948@email.com,password123,91236415,123 Kent Ridge,01-01-2000,football
user1949,user1949@email.com,password123,91236416,123 Kent Ridge,01-01-2000,football
user1950,user1950@email.com,password123,91236417,123 Kent Ridge,01-01-2000,football
user1951,user1951@email.com,password123,91236418,123 Kent Ridge,01-01-2000,football
user1952,user1952@email.com,password123,91236419,123 Kent Ridge,01-01-2000,football
user1953,user1953@email.com,password123,91236420,123 Kent Ridge,01-01-2000,football
user1954,user1954@email.com,password123,91236421,123 Kent Ridge,01-01-2000,football
user1955,user1955@email.com,password123,91236422,123 Kent Ridge,01-01-2000,football
user1956,user1956@email.com,password123,91236423,123 Kent Ridge,01-01-2000,football
user1957,user1957@email.com,password123,91236424,123 Kent Ridge,01-01-2000,football
user1958,user1958@email.com,password123,91236425,123 Kent Ridge,01-01-2000,football
user1959,user1959@email.com,password123,91236426,123 Kent Ridge,01-01-2000,football
user1960,user1960@email.com,password123,91236427,123 Kent Ridge,01-01-2000,football
user1961,user1961@email.com,password123,91236428,123 Kent Ridge,01-01-2000,football
user1962,user1962@email.com,password123,91236429,123 Kent Ridge,01-01-2000,football
user1963,user1963@email.com,password123,91236430,123 Kent Ridge,01-01-2000,football
user1964,user1964@email.com,password123,91236431,123 Kent Ridge,01-01-2000,football
user1965,user1965@email.com,password123,91236432,123 Kent Ridge,01-01-2000,football
user1966,user1966@email.com,password123,91236433,123 Kent Ridge,01-01-2000,football
user1967,user1967@email.com,password123,91236434,123 Kent Ridge,01-01-2000,football
user1968,user1968@email.com,password123,91236435,123 Kent Ridge,01-01-2000,football
user1969,user1969@email.com,password123,91236436,123 Kent Ridge,01-01-2000,football
user1970,user1970@email.com,password123,91236437,123 Kent Ridge,01-01-2000,football
user1971,user1971@email.com,password123,91236438,123 Kent Ridge,01-01-2000,football
user1972,user1972@email.com,password123,91236439,123 Kent Ridge,01-01-2000,football
user1973,user1973@email.com,password123,91236440,123 Kent Ridge,01-01-2000,football
user1974,user1974@email.com,password123,91236441,123 Kent Ridge,01-01-2000,football
user1975,user1975@email.com,password123,91236442,123 Kent Ridge,01-01-2000,football
user1976,user1976@email.com,password123,91236443,123 Kent Ridge,01-01-2000,football
user1977,user1977@email.com,password123,91236444,123 Kent Ridge,01-01-2000,football
user1978,user1978@email.com,password123,91236445,123 Kent Ridge,01-01-2000,football
user1979,user1979@email.com,password123,91236446,123 Kent Ridge,01-01-2000,football
user1980,user1980@email.com,password123,91236447,123 Kent Ridge,01-01-2000,football
user1981,user1981@email.com,password123,91236448,123 Kent Ridge,01-01-2000,football
user1982,user1982@email.com,password123,91236449,123 Kent Ridge,01-01-2000,football
user1983,user1983@email.com,password123,91236450,123 Kent Ridge,01-01-2000,football
user1984,user1984@email.com,password123,91236451,123 Kent Ridge,01-01-2000,football
user1985,user1985@email.com,password123,91236452,123 Kent Ridge,01-01-2000,football
user1986,user1986@email.com,password123,91236453,123 Kent Ridge,01-01-2000,football
user1987,user1987@email.com,password123,91236454,123 Kent Ridge,01-01-2000,football
user1988,user1988@email.com,password123,91236455,123 Kent Ridge,01-01-2000,football
user1989,user1989@email.com,password123,91236456,123 Kent Ridge,01-01-2000,football
user1990,user1990@email.com,password123,91236457,123 Kent Ridge,01-01-2000,football
user1991,user1991@email.com,password123,91236458,123 Kent Ridge,01-01-2000,football
user1992,user1992@email.com,password123,91236459,123 Kent Ridge,01-01-2000,football
user1993,user1993@email.com,password123,91236460,123 Kent Ridge,01-01-2000,football
user1994,user1994@email.com,password123,91236461,123 Kent Ridge,01-01-2000,football
user1995,user1995@email.com,password123,91236462,123 Kent Ridge,01-01-2000,football
user1996,user1996@email.com,password123,91236463,123 Kent Ridge,01-01-2000,football
user1997,user1997@email.com,password123,91236464,123 Kent Ridge,01-01-2000,football
user1998,user1998@email.com,password123,91236465,123 Kent Ridge,01-01-2000,football
user1999,user1999@email.com,password123,91236466,123 Kent Ridge,01-01-2000,football
user2000,user2000@email.com,password123,91236467,123 Kent Ridge,01-01-2000,football
